id	event	name	photo	organization	position	sessions
rp14-speaker-1004	rp14	Matthias Spielkamp	http://re-publica.de/sites/14.re-publica.de/files/media/pictures/120330-03538.jpg	Reporters without Borders	Member of the Board	
rp14-speaker-1005	rp14	Thom Nagy	http://re-publica.de/sites/14.re-publica.de/files/media/pictures/thomnagy_pensive.jpg	NZZ Lab	Projektleiter	
rp14-speaker-1006	rp14	Hendrik Menzl	http://re-publica.de/sites/14.re-publica.de/files/media/pictures/h_menzl_re_publica.jpg	Audiolith		
rp14-speaker-1008	rp14	Paul von Ribbeck	http://re-publica.de/sites/14.re-publica.de/files/media/pictures/001_web.jpg	Google Nest	Digital Security Evangelist	
rp14-speaker-1010	rp14	Jon Phillips	http://re-publica.de/sites/14.re-publica.de/files/media/pictures/jp_3.jpg	Fabricatorz	Founder, CEO	
rp14-speaker-1011	rp14	Sebastian Horn	http://re-publica.de/sites/14.re-publica.de/files/media/pictures/sebastian_quer.jpg	Sourcefabric	Head of Business Development	
rp14-speaker-1022	rp14	Stephanie Wißmann	http://re-publica.de/sites/14.re-publica.de/files/media/pictures/_mg_0793.jpg			
rp14-speaker-1023	rp14	Jan Northoff	http://re-publica.de/sites/14.re-publica.de/files/media/pictures/jannorhoff_profile_2_square.jpg	3D Druck Shop Berlin	Founder & 3D Printer Operator & Scrum Master	
rp14-speaker-1025	rp14	Karen Melchior	http://re-publica.de/sites/14.re-publica.de/files/media/pictures/profil_photo_-_c_amanda_thomsen.jpg	Radikale Venstre	European-Parliament candidate	
rp14-speaker-1028	rp14	Florian Krapp	http://re-publica.de/sites/14.re-publica.de/files/media/pictures/profilbild_0.jpg	Oh Krapp	Student, (Game) Designer	
rp14-speaker-1029	rp14	Michael Zöller	http://re-publica.de/sites/14.re-publica.de/files/media/pictures/mz.jpg	Magic Lantern Team		
rp14-speaker-1032	rp14	Rin Räuber	http://re-publica.de/sites/14.re-publica.de/files/media/pictures/rin-1.jpg	Mars Evangelist and Coder		
rp14-speaker-1038	rp14	Renata Avila	http://re-publica.de/sites/14.re-publica.de/files/media/pictures/renata_avila.jpg	Web Foundation	Campaign Lead, Web We Want	
rp14-speaker-1040	rp14	Sascha Pallenberg	http://re-publica.de/sites/14.re-publica.de/files/media/pictures/269463_10150301091162845_6522415_n.jpg		Techblogger	
rp14-speaker-1042	rp14	Matt Jukes	http://re-publica.de/sites/14.re-publica.de/files/media/pictures/screenshot_29_11_2013_21_54.png	Office for National Statistics 	Head of Digital Transformation	
rp14-speaker-1051	rp14	Konrad Buck	http://re-publica.de/sites/14.re-publica.de/files/media/pictures/cw_konrad_buck_09.jpg	attention department	chief attention oficer	
rp14-speaker-1056	rp14	Harley Aussoleil	http://re-publica.de/sites/14.re-publica.de/files/media/pictures/58870_10203197084587508_1327637911_n.jpg	Trade School Berlin	Co-Founder/Organizer	
rp14-speaker-1057	rp14	Sarah Corbett	http://re-publica.de/sites/14.re-publica.de/files/media/pictures/profile_photo_sarah_corbett_c.png	Craftivist Collective	Founder & Director 	
rp14-speaker-1062	rp14	Kübra Gümüşay	http://re-publica.de/sites/14.re-publica.de/files/media/pictures/profile_0.jpg		Journalistin, Bloggerin & Aktivistin.	
rp14-speaker-1063	rp14	Sabine  Mohamed	http://re-publica.de/sites/14.re-publica.de/files/media/pictures/5.jpg			
rp14-speaker-1064	rp14	Astrid  Carolus	http://re-publica.de/sites/14.re-publica.de/files/media/pictures/dr_ac_sw.jpg	University of Wuerzburg	Medienpsychologin	
rp14-speaker-1069	rp14	Laurie Penny	http://re-publica.de/sites/14.re-publica.de/files/media/pictures/byjcheadshotsmall.jpg	New Statesman		
rp14-speaker-1073	rp14	Katelyn  Rogers 	http://re-publica.de/sites/14.re-publica.de/files/media/pictures/katelyn_rogers_headshot_sm.jpg	Open Knowledge Foundation 	Community manager - Working Groups 	
rp14-speaker-1077	rp14	Nilz Bokelberg	http://re-publica.de/sites/14.re-publica.de/files/media/pictures/foto_1_1.jpg	Weltfrieden	Chef	
rp14-speaker-1079	rp14	Tatiana  Bazzichelli	http://re-publica.de/sites/14.re-publica.de/files/media/pictures/bazzichelli_3.jpg	Disruption Network Lab at The WYE	Director of Programming Development	
rp14-speaker-1080	rp14	Parker Higgins	http://re-publica.de/sites/14.re-publica.de/files/media/pictures/gph-profile.jpg	Electronic Frontier Foundation		
rp14-speaker-1081	rp14	Jillian York	http://re-publica.de/sites/14.re-publica.de/files/media/pictures/jillian3.png	Electronic Frontier Foundation	Director for International Freedom of Expression	
rp14-speaker-1082	rp14	Anders Levermann	http://re-publica.de/sites/14.re-publica.de/files/media/pictures/levermannspeaking.jpg	Potsdam Institute 	Physics professor of the Dynamics of the Climate System	
rp14-speaker-1083	rp14	Robert Bierkandt	http://re-publica.de/sites/14.re-publica.de/files/media/pictures/foto_2.jpg	PIK	PhD student	
rp14-speaker-1084	rp14	Leonie Wenz	http://re-publica.de/sites/14.re-publica.de/files/media/pictures/foto_leonie.jpg	PIK	PhD student	
rp14-speaker-1085	rp14	Sven Willner	http://re-publica.de/sites/14.re-publica.de/files/media/pictures/foto_3.jpg	PIK	PhD student	
rp14-speaker-1087	rp14	James Marchant	http://re-publica.de/sites/14.re-publica.de/files/media/pictures/logo.png	Small Media	Research Manager	
rp14-speaker-1088	rp14	Brian Ndyaguma	http://re-publica.de/sites/14.re-publica.de/files/media/pictures/photo21-11.jpg	Hive Colab 	Operations Manager	
rp14-speaker-1089	rp14	Michael Running Wolf Jr	http://re-publica.de/sites/14.re-publica.de/files/media/pictures/image_8.jpg	Buffalo Tongue	Founder	
rp14-speaker-1090	rp14	Jacob Appelbaum	http://re-publica.de/sites/14.re-publica.de/files/media/pictures/jake.jpg	The Tor Project		
rp14-speaker-1091	rp14	Caroline Running Wolf	http://re-publica.de/sites/14.re-publica.de/files/media/pictures/coyote-hat2.jpg	Expat Indians	Producer	
rp14-speaker-1093	rp14	Luta Valentina Morciano	http://re-publica.de/sites/14.re-publica.de/files/media/pictures/luta_valentina_morciano_0.jpg	Freelance	Visual Designer & Communications Officer	
rp14-speaker-1096	rp14	Michał Woźniak	http://re-publica.de/sites/14.re-publica.de/files/media/pictures/michalwozniak-800x1066.jpg	FOSS Fundation	President of the Board	
rp14-speaker-1104	rp14	Ksenia Ermoshina	http://re-publica.de/sites/14.re-publica.de/files/media/pictures/p0hrs8tebxq_0.jpg	Center for Sociology of Innovation	PhD candidate	
rp14-speaker-1109	rp14	Kate Miltner	http://re-publica.de/sites/14.re-publica.de/files/media/pictures/miltner_face.png	Microsoft Research New England	Research Consultant	
rp14-speaker-1110	rp14	Maria Świetlik	http://re-publica.de/sites/14.re-publica.de/files/media/pictures/drg.jpg	Modern Poland Foundation		
rp14-speaker-1120	rp14	Marcin Koziej	http://re-publica.de/sites/14.re-publica.de/files/media/pictures/where_is_my_mask.jpg	Net Reasearch Net	Founder	
rp14-speaker-1137	rp14	Muhammad  Radwan	http://re-publica.de/sites/14.re-publica.de/files/media/pictures/mohamed-radwan.jpg	icecairo	Co-founder	
rp14-speaker-1138	rp14	Jon Stever	http://re-publica.de/sites/14.re-publica.de/files/media/pictures/profile.png	The Office	Managing Director	
rp14-speaker-1139	rp14	Sénamé Koffi Agbodjinou	http://re-publica.de/sites/14.re-publica.de/files/media/pictures/agbodjinou_koffi_sename0.jpg	L'Africaine d'architecture/ WoeLab	Founder, Senior Coordinator	
rp14-speaker-1143	rp14	Ben White	http://re-publica.de/sites/14.re-publica.de/files/media/pictures/vc4africa-_african_venture_finance_starts_here.jpg	VC4Africa	Founder	
rp14-speaker-1144	rp14	Tayo Akinyemi	http://re-publica.de/sites/14.re-publica.de/files/media/pictures/afrilabs1.png	AfriLabs	Director	
rp14-speaker-1145	rp14	Silumesii Maboshe	http://re-publica.de/sites/14.re-publica.de/files/media/pictures/silumesii.jpg	BongoHive	Co-founder	
rp14-speaker-1146	rp14	Oluwole Odetayo	http://re-publica.de/sites/14.re-publica.de/files/media/pictures/dr_woles_pic.jpg	LoftyInc Allied Partners Ltd	Managing Partner	
rp14-speaker-1201	rp14	Martha Chumo	http://re-publica.de/sites/14.re-publica.de/files/media/pictures/1426638_604586216265645_1957179401_n_1.jpg	Nairobi Dev School	Founder	
rp14-speaker-1230	rp14	Mugethi Gitau	http://re-publica.de/sites/14.re-publica.de/files/media/pictures/imag0114-1.jpg	iHub	Community Manager	
rp14-speaker-1254	rp14	Belinde Ruth Stieve	http://re-publica.de/sites/14.re-publica.de/files/media/pictures/schspin.jpg	BFFS	Schauspielerin. Bloggerin.	
rp14-speaker-1499	rp14	Patricia Cammarata	http://re-publica.de/sites/14.re-publica.de/files/media/pictures/nuf.jpg			
rp14-speaker-1506	rp14	Joerg Meyer	http://re-publica.de/sites/14.re-publica.de/files/media/pictures/joerg_copyright_jill_de_groff_saloonartist_com_kopie.jpg	Le Lion • Bar de Paris	Bartender	
rp14-speaker-1513	rp14	Sven Peters	http://re-publica.de/sites/14.re-publica.de/files/media/pictures/sven_peters_bio.jpg	Atlassian	Ambassador	
rp14-speaker-1585	rp14	Ulf Brandes	http://re-publica.de/sites/14.re-publica.de/files/media/pictures/ulf_brandes_berlin_768px_0.jpg	go21	Co-Founder	
rp14-speaker-159	rp14	Joab  Nist	http://re-publica.de/sites/14.re-publica.de/files/media/pictures/getinline-1.jpg	NOTES OF BERLIN	Founder/CEO	
rp14-speaker-1598	rp14	Anna-Sofie Gerth	http://re-publica.de/sites/14.re-publica.de/files/media/pictures/maschsee.jpg	@AnnaHBTC	Studentin und Bloggerin	
rp14-speaker-1619	rp14	wischi 	http://re-publica.de/sites/14.re-publica.de/files/media/pictures/berlin-201_3-33-gd-resize-rp14.jpg	YouIn3D.com - 3D Hackerspace	Hacker in Residence	
rp14-speaker-1622	rp14	Samuel Carlisle	http://re-publica.de/sites/14.re-publica.de/files/media/pictures/sam-resize.jpg	YOUin3D	Hacker in Residence	
rp14-speaker-1625	rp14	Henning Diesenberg	http://re-publica.de/sites/14.re-publica.de/files/media/pictures/tumblr_n1hbdqp1sr1s609byo1_1280_cropped_2.jpg	Polygon Berlin	Coding drone	
rp14-speaker-1631	rp14	Andreas Lorenz	http://re-publica.de/sites/14.re-publica.de/files/media/pictures/andreasfb.png	Papa Online	Herausgeber	
rp14-speaker-1657	rp14	Frank Schwab	http://re-publica.de/sites/14.re-publica.de/files/media/pictures/fschwab_1024.jpg	Universität Würzburg	Professor	
rp14-speaker-166	rp14	Anne Schüßler	http://re-publica.de/sites/14.re-publica.de/files/media/pictures/edg4694.png		Softwareentwicklerin	
rp14-speaker-168	rp14	Sebastian Vollnhals	http://re-publica.de/sites/14.re-publica.de/files/media/pictures/y.jpg	OpenDataCity		
rp14-speaker-1703	rp14	Maral Pourkazemi	http://re-publica.de/sites/14.re-publica.de/files/media/pictures/1779950_10203241309218262_855498367_n.jpg	Small Media	Creative Manager	
rp14-speaker-1734	rp14	Amin Sabeti	http://re-publica.de/sites/14.re-publica.de/files/media/pictures/300938_10150395253366289_114222512_n.jpg			
rp14-speaker-1755	rp14	Dietmar Johlen	http://re-publica.de/sites/14.re-publica.de/files/media/pictures/201208_foto_sl_hbs_hog_dj_ausschnit_300pxt.jpg	Herwig-Blankertz-Schule Hofgeismar	Schulleiter	
rp14-speaker-1774	rp14	Konrad Lischka	http://re-publica.de/sites/14.re-publica.de/files/media/pictures/konradlischka.jpg	Drachenväter		
rp14-speaker-1814	rp14	Florian Krakau	http://re-publica.de/sites/14.re-publica.de/files/media/pictures/2014red.jpg	dotdean.studios	dude	
rp14-speaker-1827	rp14	Robert M. Bauer	http://re-publica.de/sites/14.re-publica.de/files/media/pictures/rmbauer.jpg	Johannes Kepler University Linz	Professor of Organization and Innovation	
rp14-speaker-1861	rp14	Waldemar Sobieroj	http://re-publica.de/sites/14.re-publica.de/files/media/pictures/ich.png	Oskar-von-Miller-Schule Kassel		
rp14-speaker-1863	rp14	Lorenz Matzat	http://re-publica.de/sites/14.re-publica.de/files/media/pictures/lm.jpg	datenjournalist.de | Lokaler	Journalist & Unternehmer	
rp14-speaker-1864	rp14	Andrej Sandorf	http://re-publica.de/sites/14.re-publica.de/files/media/pictures/codeandbeauty.png	OpenDataCity	Entwickler	
rp14-speaker-1865	rp14	Lorenzo Tural Osorio	http://re-publica.de/sites/14.re-publica.de/files/media/pictures/lorenzo_rp14.jpg			
rp14-speaker-1866	rp14	Marlis Prinzing	http://re-publica.de/sites/14.re-publica.de/files/media/pictures/bildschirmfoto_2012-07-29_um_17.40.12_kopie.png	Macromedia Hochschule	Professorin, Journalistin	
rp14-speaker-1867	rp14	Rick Scavetta	http://re-publica.de/sites/14.re-publica.de/files/media/pictures/rick.jpg	Science Craft	Co-founder	
rp14-speaker-1868	rp14	Wilfried Dülfer	http://re-publica.de/sites/14.re-publica.de/files/media/pictures/duelf_klein.jpg	Oskar-von-Miller-Schule Kassel	Stellv. Schulleiter	
rp14-speaker-1870	rp14	Jürgen Mayer H.	http://re-publica.de/sites/14.re-publica.de/files/media/pictures/jmh.png	Jürgen Mayer H. und Partner		
rp14-speaker-1873	rp14	Solana Larsen	http://re-publica.de/sites/14.re-publica.de/files/media/pictures/solana.jpg	Global Voices Online	Managing Editor	
rp14-speaker-1879	rp14	Marco Vollmar	http://re-publica.de/sites/14.re-publica.de/files/media/pictures/marco_passbild_low.jpg	WWF	Executive Director	
rp14-speaker-1881	rp14	Lara Setrakian 	http://re-publica.de/sites/14.re-publica.de/files/media/pictures/headshot.jpg	News Deeply 	Co-Founder & CEO 	
rp14-speaker-1884	rp14	Erol Önderoglu	http://re-publica.de/sites/14.re-publica.de/files/media/pictures/berlin.jpg	Reporters Without Borders / Bianet	Journalist - Researchers	
rp14-speaker-1885	rp14	Erich Moechel	http://re-publica.de/sites/14.re-publica.de/files/media/pictures/erich_portraet.jpg	ORF.at	IT-Journalist	
rp14-speaker-1886	rp14	Christian  Brandes	http://re-publica.de/sites/14.re-publica.de/files/media/pictures/profil_1.jpg	Schlecky Silberstein	Autor	
rp14-speaker-1887	rp14	Ulrich  Hegge 	http://re-publica.de/sites/14.re-publica.de/files/media/pictures/ulrich_hegge.jpg	comdirect bank AG 	Generalbevollmächtigter 	
rp14-speaker-1888	rp14	Thomas  Knüwer 	http://re-publica.de/sites/14.re-publica.de/files/media/pictures/knuewer_thomas_preview.jpg	kpunktnull 	Gründer und Geschäftsführer 	
rp14-speaker-1891	rp14	Priya Basil	http://re-publica.de/sites/14.re-publica.de/files/media/pictures/p.basil_colour.jpg			
rp14-speaker-1892	rp14	Joachim  Goldberg	http://re-publica.de/sites/14.re-publica.de/files/media/pictures/joachim_goldberg.jpg	cognitrend GmbH	Gründer und geschäftsführender Gesellschafter	
rp14-speaker-1893	rp14	Annabel  Oelmann 	http://re-publica.de/sites/14.re-publica.de/files/media/pictures/annabel_oelmann.jpg	Verbraucherzentrale NRW	Leiterin der Gruppe Finanzdienstleistungen 	
rp14-speaker-1897	rp14	Dr. Bettina Brinkmann	http://re-publica.de/sites/14.re-publica.de/files/media/pictures/brinkmann_dr_bettina.jpg	European Broadcasting Union (EBU)	Head of Television	
rp14-speaker-1898	rp14	Elfi Jäger	http://re-publica.de/sites/14.re-publica.de/files/media/pictures/jaeger_foto.jpg	TV Sisters GbR	Mitgründerin 	
rp14-speaker-1899	rp14	Torsten Rehder	http://re-publica.de/sites/14.re-publica.de/files/media/pictures/rehder_fuer_rp.jpg	TrendONE	Director Innovation Services & Trend Supervisor 	
rp14-speaker-1901	rp14	Panagiotis  Trakaliaridis	http://re-publica.de/sites/14.re-publica.de/files/media/pictures/trakaliaridis_foto_fuer_rp_0.jpg	ZDF	Strategische Programmentwicklung	
rp14-speaker-1902	rp14	Alexander Mazzara	http://re-publica.de/sites/14.re-publica.de/files/media/pictures/mazzara_fuer_rp.jpg	joiz	Gründer und Geschäftsführer 	
rp14-speaker-1903	rp14	Ally  Castle	http://re-publica.de/sites/14.re-publica.de/files/media/pictures/ally_castle_foto.jpg	BBC Three	Senior Audience Planner	
rp14-speaker-1904	rp14	Daniel Fiedler	http://re-publica.de/sites/14.re-publica.de/files/media/pictures/unbenannt-1.jpg	ZDF	Leiter Redaktion Kultur Berlin 	
rp14-speaker-1905	rp14	Conrad Fritzsch	http://re-publica.de/sites/14.re-publica.de/files/media/pictures/fritzsch_fuer_rp.jpg	tape.tv	CEO, Gründer und Vorstand	
rp14-speaker-1906	rp14	Lambert Heller	http://re-publica.de/sites/14.re-publica.de/files/media/pictures/color_quadrat.jpg	TIB Hannover | Open Science Lab	Head	
rp14-speaker-1907	rp14	Alexander von Harling	http://re-publica.de/sites/14.re-publica.de/files/media/pictures/von_harling_foto.jpg	ARD	Programmchef des vom SWR verantworteten ARD-Digitalkanals EinsPlus	
rp14-speaker-1908	rp14	Stefan Cordes	http://re-publica.de/sites/14.re-publica.de/files/media/pictures/cordes_foto.png	filmpool entertainment GmbH	Geschäftsführer	
rp14-speaker-1909	rp14	Eli Uzan	http://re-publica.de/sites/14.re-publica.de/files/media/pictures/eli_uzan_foto.jpg	The Box – Screenz	Präsident von Screenz sowie Gründer und CEO von The Box	
rp14-speaker-191	rp14	Christian Bollert	http://re-publica.de/sites/14.re-publica.de/files/media/pictures/christian-bollert_1000x667.jpg	detektor.fm / BEBE Medien GmbH	Managing director	
rp14-speaker-1910	rp14	Sabah Wahbe	http://re-publica.de/sites/14.re-publica.de/files/media/pictures/sabah_wahbe_fuer_rp.jpg		Freie Produzentin	
rp14-speaker-1912	rp14	Dr. Nicola Balkenhol	http://re-publica.de/sites/14.re-publica.de/files/media/pictures/balkenhol_dr_nicola_foto.jpg	Deutschlandradio	Leiterin Multimedia	
rp14-speaker-1913	rp14	Mona Rübsamen	http://re-publica.de/sites/14.re-publica.de/files/media/pictures/ruebsamen_foto.jpg	FluxFM	Geschäftsführende Gesellschafterin und Programmdirektion	
rp14-speaker-1914	rp14	Paul Jones	http://re-publica.de/sites/14.re-publica.de/files/media/pictures/paul_jones_fuer_rp.jpg	JACKfm Oxfordshire	Producer, Writer, Voice	
rp14-speaker-1918	rp14	Hakan Tanriverdi	http://re-publica.de/sites/14.re-publica.de/files/media/pictures/bla.jpg			
rp14-speaker-1919	rp14	Martin Giesler	http://re-publica.de/sites/14.re-publica.de/files/media/pictures/facebooktwitterprofil.png	Ultrageheimes Geheimprojekt	CEO, Editor in Chief	
rp14-speaker-1920	rp14	Juliane Wiedemeier	http://re-publica.de/sites/14.re-publica.de/files/media/pictures/julianewiedemeier.jpg	Prenzlauer Berg Nachrichten	Gründungsredakteurin	
rp14-speaker-1921	rp14	Charis Pape	http://re-publica.de/sites/14.re-publica.de/files/media/pictures/10250261_746180205402357_1095084794898050217_n.jpg	Oskar-von-Miller-Schule	Schülerin	
rp14-speaker-1922	rp14	Isabella David	http://re-publica.de/sites/14.re-publica.de/files/media/pictures/isabella_2.jpg	HH-Mittendrin	Chefredakteurin	
rp14-speaker-1923	rp14	Majid Albunni	http://re-publica.de/sites/14.re-publica.de/files/media/pictures/majid.jpeg	Baladna FM	Radiomaker & activist	
rp14-speaker-1924	rp14	Daniel Bröckerhoff	http://re-publica.de/sites/14.re-publica.de/files/media/pictures/daniel_broeckerhoff.jpg	Journalist und Moderator		
rp14-speaker-1926	rp14	Jonathan Dähne	http://re-publica.de/sites/14.re-publica.de/files/media/pictures/jonathan_fuer_rp.jpg	dailyme TV	Geschäftsführer	
rp14-speaker-1927	rp14	Christian Beetz	http://re-publica.de/sites/14.re-publica.de/files/media/pictures/beetz_fuer_rp.jpg	gebrueder beetz 	Geschäftsführer	
rp14-speaker-1929	rp14	Christoph Fey	http://re-publica.de/sites/14.re-publica.de/files/media/pictures/fey_foto.jpg	Entertainment Master Class	Geschäftsführer	
rp14-speaker-1930	rp14	Jochen Spangenberg	http://re-publica.de/sites/14.re-publica.de/files/media/pictures/jochen_spangenberg.jpg	Deutsche Welle	Innovation Projects New Media	
rp14-speaker-1931	rp14	Jürgen Roth	http://re-publica.de/sites/14.re-publica.de/files/media/pictures/juergen_roth_foto.jpg	apparat multimedia GmbH	Geschäftsführer	
rp14-speaker-1932	rp14	Stefan Westphal	http://re-publica.de/sites/14.re-publica.de/files/media/pictures/stephan_westphal_fuer_rp.jpg	mymediaguide.de	Chefredakteur	
rp14-speaker-1933	rp14	Holger Klein	http://re-publica.de/sites/14.re-publica.de/files/media/pictures/klein_fuer_rp_foto.jpg	Wrint - Wer redet ist nicht tot	Podcaster	
rp14-speaker-1934	rp14	Michael Praetorius	http://re-publica.de/sites/14.re-publica.de/files/media/pictures/michael_fuer_rp.jpg	NOEO	Geschäftsführer	
rp14-speaker-1935	rp14	Niels t´Hooft	http://re-publica.de/sites/14.re-publica.de/files/media/pictures/niels_thooft.png	Hybridautor		
rp14-speaker-1936	rp14	Arthur Tolsma	http://re-publica.de/sites/14.re-publica.de/files/media/pictures/arthur_tolsma.jpg	arthurtolsma.nl	Coach und Moderator	
rp14-speaker-1937	rp14	Jörn Kamphuis	http://re-publica.de/sites/14.re-publica.de/files/media/pictures/joern_kamphuis.jpg	Dozent – Moderator – Model		
rp14-speaker-1938	rp14	Thomas Bartoschek	http://re-publica.de/sites/14.re-publica.de/files/media/pictures/thomas_bartoschek.jpg	Institut für Geoinformatik - WWU	Research Associate	
rp14-speaker-1939	rp14	Holger Reuss	http://re-publica.de/sites/14.re-publica.de/files/media/pictures/portrait_0.jpg			
rp14-speaker-1940	rp14	Annika Stenzel	http://re-publica.de/sites/14.re-publica.de/files/media/pictures/annika_stenzel_ii.jpg			
rp14-speaker-1941	rp14	Natalie  Tenberg	http://re-publica.de/sites/14.re-publica.de/files/media/pictures/profilbild_1.jpg	florakiez	Redakteurin	
rp14-speaker-1942	rp14	Martin Ballaschk	http://re-publica.de/sites/14.re-publica.de/files/media/pictures/image_1.jpg	SciLogs	Wissenschaftsblogger	
rp14-speaker-1943	rp14	Christoph Stasch	http://re-publica.de/sites/14.re-publica.de/files/media/pictures/20.07_2012_05cd_stasch.jpg	Institute for Geoinformatics	PostDoc	
rp14-speaker-1944	rp14	Wolfgang Lünenbürger-Reidenbach	http://re-publica.de/sites/14.re-publica.de/files/media/pictures/luebue_head.jpg	achtung! GmbH	Director Digital and Innovations	
rp14-speaker-1945	rp14	Morgan Marquis-Boire	http://re-publica.de/sites/14.re-publica.de/files/media/pictures/morgan.jpg	Citizen Lab	Senior Researcher	
rp14-speaker-1946	rp14	Gabi Sobliye	http://re-publica.de/sites/14.re-publica.de/files/media/pictures/gabinew.jpg	Tactical Technology Collective	Programme Coordinator 	
rp14-speaker-1948	rp14	Nicola Pinder	http://re-publica.de/sites/14.re-publica.de/files/media/pictures/pinder_fuer_rp.jpg	Creatives Loop Berlin	Geschäftsführerin	
rp14-speaker-1949	rp14	AC  Coppens	http://re-publica.de/sites/14.re-publica.de/files/media/pictures/coppens_ac.jpg	The Marketing Catalysts	Geschäftsführerin	
rp14-speaker-1951	rp14	Mihaela Gladovic	http://re-publica.de/sites/14.re-publica.de/files/media/pictures/gladovic_mihaela_fuer_rp.jpg	ALEX Berlin	Moderatorin	
rp14-speaker-1953	rp14	McNamee Joe	http://re-publica.de/sites/14.re-publica.de/files/media/pictures/joe.gif	European Digital Rights	Executive Director	
rp14-speaker-1959	rp14	Saskia Sassen	http://re-publica.de/sites/14.re-publica.de/files/media/pictures/sassen.jpg	Columbia University	Professor	
rp14-speaker-196	rp14	Nicolas Wöhrl	http://re-publica.de/sites/14.re-publica.de/files/media/pictures/diamant-24.jpg	University Duisburg-Essen	Post-Doc	
rp14-speaker-1962	rp14	Sarah Spiekermann	http://re-publica.de/sites/14.re-publica.de/files/media/pictures/sarah_spiekermann_0.jpeg	Vienna University of Economics	Professor for Information Systems	
rp14-speaker-1965	rp14	Greta Taubert	http://re-publica.de/sites/14.re-publica.de/files/media/pictures/greta_taubert_kopie.jpg			
rp14-speaker-1966	rp14	Hannah Wilhelm 	http://re-publica.de/sites/14.re-publica.de/files/media/pictures/hannah_wilhelm.jpg	Süddeutsche Zeitung 	Wirtschaftsredakteurin 	
rp14-speaker-1968	rp14	Annalee Newitz	http://re-publica.de/sites/14.re-publica.de/files/media/pictures/annalee-1.png	io9	Editor in Chief	
rp14-speaker-1969	rp14	Evgeny Morozov	http://re-publica.de/sites/14.re-publica.de/files/media/pictures/morozov.jpg			
rp14-speaker-197	rp14	Anna Lena Schiller	http://re-publica.de/sites/14.re-publica.de/files/media/pictures/annalena2011.png	 Visuelles Denken	Head of Visual Sensemaking	
rp14-speaker-1970	rp14	Viktor  Mayer-Schönberger	http://re-publica.de/sites/14.re-publica.de/files/media/pictures/viktor-mayerschoenberger.jpg	Oxford Internet Institute		
rp14-speaker-1971	rp14	Ron Deibert	http://re-publica.de/sites/14.re-publica.de/files/media/pictures/deibert-eekhoff.jpg	Citizen Lab	Director	
rp14-speaker-1972	rp14	Alexa Clay	http://re-publica.de/sites/14.re-publica.de/files/media/pictures/alexa_clay.jpeg			
rp14-speaker-1973	rp14	Daniel Bode	http://re-publica.de/sites/14.re-publica.de/files/media/pictures/bild_republica.jpg			
rp14-speaker-1978	rp14	Olga Rasulova	http://re-publica.de/sites/14.re-publica.de/files/media/pictures/olga_rasulova_0.jpg	Philips	Head of digital marketing, CL 	
rp14-speaker-1979	rp14	Anatol Stefanowitsch	http://re-publica.de/sites/14.re-publica.de/files/media/pictures/anatol_stefanowitsch.jpg	Freie Universität Berlin	Professor	
rp14-speaker-1980	rp14	Julian Möller	http://re-publica.de/sites/14.re-publica.de/files/media/pictures/temp-julian.jpg	Oskar-von-Miller Schule	Schüler	
rp14-speaker-1981	rp14	Matthias Huhn	http://re-publica.de/sites/14.re-publica.de/files/media/pictures/mhuhn.jpg	Oskar-von-Miller-Schule Kassel	Lehrer	
rp14-speaker-1982	rp14	Jarosław Lipszyc	http://re-publica.de/sites/14.re-publica.de/files/media/pictures/800px-wikimedia_polska_conference_2009_mk_29.jpg	Modern Poland Foundation	CEO	
rp14-speaker-1983	rp14	Aram Bartholl	http://re-publica.de/sites/14.re-publica.de/files/media/pictures/aram-dropping-internet-section.jpg	Artist	independet	
rp14-speaker-1984	rp14	Fachhochschule Potsdam 	http://re-publica.de/sites/14.re-publica.de/files/media/pictures/rp14_profilbild.png	Fachhochschule Potsdam		
rp14-speaker-1985	rp14	Guido Kopp	http://re-publica.de/sites/14.re-publica.de/files/media/pictures/kopp-foto-klein.jpg	Psychotherapeutische Praxis	Kommunikationswissenschaftler	
rp14-speaker-1986	rp14	Andrei Soldatov	http://re-publica.de/sites/14.re-publica.de/files/media/pictures/andrei_soldatov.jpg	Agentura.Ru	editor	
rp14-speaker-1999	rp14	Vanessa Carmicino	http://re-publica.de/sites/14.re-publica.de/files/media/pictures/me1.png	Hagakure	Social Media Manager and Account Supervisor	
rp14-speaker-2000	rp14	Glyn  Moody 	http://re-publica.de/sites/14.re-publica.de/files/media/pictures/461px-glyn_moody_1_cropped.jpg		journalist & blogger	
rp14-speaker-2004	rp14	Gesche Joost	http://re-publica.de/sites/14.re-publica.de/files/media/pictures/udk_01k.jpg	UdK Berlin – Design Research Lab	Professorin	
rp14-speaker-2016	rp14	Hannah Fry	http://re-publica.de/sites/14.re-publica.de/files/media/pictures/hannah_fry_kopie.jpg			
rp14-speaker-2019	rp14	Markus Schaffrin	http://re-publica.de/sites/14.re-publica.de/files/media/pictures/ms_eco_neu_2011.jpg	eco e.V.	Geschäftsbereichsleiter Mitglieder Services	
rp14-speaker-2020	rp14	Carla Kirmis	http://re-publica.de/sites/14.re-publica.de/files/media/pictures/img_0137_800x640.jpg	ProChile - Start-Up Chile	Wirtschaftsberaterin	
rp14-speaker-2021	rp14	Christian Heise	http://re-publica.de/sites/14.re-publica.de/files/media/pictures/ch-sw_rep.jpg	Open Knowledge Foundation DE e.V.	Member of Board	
rp14-speaker-2024	rp14	Gabriela Agustini	http://re-publica.de/sites/14.re-publica.de/files/media/pictures/captura_de_tela_2014-04-04_as_19.44.32.png	Templo Coworking	Partner 	
rp14-speaker-2025	rp14	Jovani Ntabgoba	http://re-publica.de/sites/14.re-publica.de/files/media/pictures/klab_main_logo.png	kLab	General Manager	
rp14-speaker-2030	rp14	Yann LE BEUX	http://re-publica.de/sites/14.re-publica.de/files/media/pictures/logo_ctic_hd_0.jpg	CTIC Dakar	Catalyst	
rp14-speaker-2031	rp14	Marcello Bonventre	http://re-publica.de/sites/14.re-publica.de/files/media/pictures/marcello-bonventre.jpg	Radio Bremen	Redaktionsleiter Digitale Garage	
rp14-speaker-2032	rp14	Sophie Lamprou	http://re-publica.de/sites/14.re-publica.de/files/media/pictures/sophie.jpg	Impact Hub Athens	Co-founder	
rp14-speaker-2033	rp14	Jay Fajardo	http://re-publica.de/sites/14.re-publica.de/files/media/pictures/copy_of_sam5127.jpg	Launchgarage	Program Director	
rp14-speaker-2035	rp14	Anirudh Narla	http://re-publica.de/sites/14.re-publica.de/files/media/pictures/profile_pic_0.jpg	MEST Incubator	Director of Operations	
rp14-speaker-2036	rp14	Alexander Mankowsky	http://re-publica.de/sites/14.re-publica.de/files/media/pictures/13c399_012x.jpg	Daimler AG	Zukunftsforschung	
rp14-speaker-2037	rp14	Gregor Martynus	http://re-publica.de/sites/14.re-publica.de/files/media/pictures/1376386_10201454432815707_826226227_n.jpg	AfricaHackTrip	Initiator	
rp14-speaker-2045	rp14	Markus Hündgen	http://re-publica.de/sites/14.re-publica.de/files/media/pictures/290700_2303656983839_1936452545_o.jpg	European Web Video Academy GmbH	CEO	
rp14-speaker-2046	rp14	Markos Lemma	http://re-publica.de/sites/14.re-publica.de/files/media/pictures/lemmamarkos.jpg	iceaddis	co-founder 	
rp14-speaker-2063	rp14	Jörg Dörnemann	http://re-publica.de/sites/14.re-publica.de/files/media/pictures/joerg-doernemann.jpg	epubli	Geschäftsführer	
rp14-speaker-207	rp14	Tom Hillenbrand	http://re-publica.de/sites/14.re-publica.de/files/media/pictures/trenchmann_kopie.jpg		Writer	
rp14-speaker-2079	rp14	Dr. Thomas Fricke	http://re-publica.de/sites/14.re-publica.de/files/media/pictures/thomas-rp14.jpg	Endocode AG	Principal DevOps Wizard	
rp14-speaker-2089	rp14	Mirko Boehm	http://re-publica.de/sites/14.re-publica.de/files/media/pictures/mirko-rp14.jpg	Endocode AG	Founding partner | CEO 	
rp14-speaker-2091	rp14	Ratozamanana Andriankoto Harinjaka	http://re-publica.de/sites/14.re-publica.de/files/media/pictures/540757_10152066432824259_320238671_n.jpg	HABAKA Madagascar Innovation hub	CEO	
rp14-speaker-2099	rp14	Juliane Leopold	http://re-publica.de/sites/14.re-publica.de/files/media/pictures/profil_leopold.png	ZEIT ONLINE	Social Media-Redakteurin	
rp14-speaker-2115	rp14	Elizaveta Barsegova	http://re-publica.de/sites/14.re-publica.de/files/media/pictures/521875_501281516598329_947043866_n-2.jpg	betahaus | Berlin	Program Manager                             betahaus.com	
rp14-speaker-2128	rp14	Moushira Elamrawy	http://re-publica.de/sites/14.re-publica.de/files/media/pictures/moushirabysagerepub.jpg		Designer and Technology Consultant	
rp14-speaker-2129	rp14	Stefania Druga	http://re-publica.de/sites/14.re-publica.de/files/media/pictures/10155323_10202993306685935_3835252248019906839_n.jpg	HacKIDemia	Founder	
rp14-speaker-2130	rp14	Victor Nyang'a	http://re-publica.de/sites/14.re-publica.de/files/media/pictures/vic1_compr2.png	Victronix Co. Ltd	CEO	
rp14-speaker-2131	rp14	Wilhelm Oddo	http://re-publica.de/sites/14.re-publica.de/files/media/pictures/img_20131023_171747.jpg	Bribed	CO-Founder	
rp14-speaker-2132	rp14	Fua Tse	http://re-publica.de/sites/14.re-publica.de/files/media/pictures/fua.jpg	ActivSpaces 	Co-Founder	
rp14-speaker-2135	rp14	Tiemo Ehmke	http://re-publica.de/sites/14.re-publica.de/files/media/pictures/tiemo_ehmke_querformat_72dpi.jpg	icebauhaus	board member	
rp14-speaker-2146	rp14	Mazen Helmy	http://re-publica.de/sites/14.re-publica.de/files/media/pictures/zdjcetmt.jpeg	The District	Managing Director	
rp14-speaker-2149	rp14	Sebastian  Basedow	http://re-publica.de/sites/14.re-publica.de/files/media/pictures/sebastian_basedow.png	Zebralog GmbH &amp; Co. KG	Projekteiter und Berater 	
rp14-speaker-2151	rp14	Frederic Tape	http://re-publica.de/sites/14.re-publica.de/files/media/pictures/1801359_10101627581825026_1403389113_o.jpg	AMN Coworking Space	Founder/Principal 	
rp14-speaker-2155	rp14	Andreas Wichmann	http://re-publica.de/sites/14.re-publica.de/files/media/pictures/andreas-rp14.jpg	Endocode AG	Founding partner | Relations Manager	
rp14-speaker-2166	rp14	Tolu Agunbiade	http://re-publica.de/sites/14.re-publica.de/files/media/pictures/dsc_06232_0.jpg	Co-creation Hub Nigeria	Community Manager	
rp14-speaker-2168	rp14	Clarisse Iribagiza	http://re-publica.de/sites/14.re-publica.de/files/media/pictures/3b.jpg	HeHe Limited	CEO	
rp14-speaker-2169	rp14	John Matogo	http://re-publica.de/sites/14.re-publica.de/files/media/pictures/jm_1.jpg	iBizAfrica		
rp14-speaker-2172	rp14	Ahmed Bastawy	http://re-publica.de/sites/14.re-publica.de/files/media/pictures/selsela.jpg	icealex	cofounder	
rp14-speaker-2173	rp14	Richard Zulu	http://re-publica.de/sites/14.re-publica.de/files/media/pictures/zulu.jpg	Outbox	Lead	
rp14-speaker-2174	rp14	Bilal Ghalib	http://re-publica.de/sites/14.re-publica.de/files/media/pictures/bilalhead.jpg	GEMSI	Catalyst 	
rp14-speaker-2175	rp14	Francis Chiwunda	http://re-publica.de/sites/14.re-publica.de/files/media/pictures/2013-02-24_14.04.43.jpg	Funeral.ly	Co-Founder & Business Developer	
rp14-speaker-2176	rp14	Claudia Valladares	http://re-publica.de/sites/14.re-publica.de/files/media/pictures/5661798398_b48b395715_b.jpg	Impact Hub Caracas	Co-founder & Director	
rp14-speaker-2178	rp14	Andrea Goetzke	http://re-publica.de/sites/14.re-publica.de/files/media/pictures/andrea_portrait_musicpool.jpg	Music Pool Berlin		
rp14-speaker-2179	rp14	Eric Eitel	http://re-publica.de/sites/14.re-publica.de/files/media/pictures/eric_eitel_total_low.jpg	Music Pool Berlin	Co-Founder	
rp14-speaker-2189	rp14	Katina Sostmann	http://re-publica.de/sites/14.re-publica.de/files/media/pictures/portrait_small_katina_sostmann-720.jpg	IXDS	Design Lead	
rp14-speaker-2193	rp14	Rene Parker	http://re-publica.de/sites/14.re-publica.de/files/media/pictures/rene_picapril14_0.jpg	RLabs - Reconstructed Living Lab	Director	
rp14-speaker-2195	rp14	Andre Meister	http://re-publica.de/sites/14.re-publica.de/files/media/pictures/andre.jpg	netzpolitik.org		
rp14-speaker-2197	rp14	Richard Gutjahr	http://re-publica.de/sites/14.re-publica.de/files/media/pictures/image_9.jpg	G! blog	Journalist und Blogger	
rp14-speaker-220	rp14	Julia Kloiber	http://re-publica.de/sites/14.re-publica.de/files/media/pictures/julia_kloiber.jpg	Open Knowledge Foundation DE	Project Lead	
rp14-speaker-2203	rp14	Jeanette Hofmann	http://re-publica.de/sites/14.re-publica.de/files/media/pictures/jeanette-hofmann1.jpg	WZB/HIIG		
rp14-speaker-2204	rp14	Mikko Hypponen	http://re-publica.de/sites/14.re-publica.de/files/media/pictures/mikko_hypponen.jpg	F-Secure	Chief Research Officer	
rp14-speaker-2205	rp14	Kristian  Müller	http://re-publica.de/sites/14.re-publica.de/files/media/pictures/mueller_kristian.jpg	mixd.tv	Managing Director	
rp14-speaker-2206	rp14	Dr. Roger Fischer	http://re-publica.de/sites/14.re-publica.de/files/media/pictures/foto_klein.jpg	BMZ	Referatsleiter	
rp14-speaker-2207	rp14	David Knight	http://re-publica.de/sites/14.re-publica.de/files/media/pictures/dave_knight_bio_pic2.jpg	Silicon Allee	Editor-in-Choef	
rp14-speaker-2208	rp14	Petros  Theocharous	http://re-publica.de/sites/14.re-publica.de/files/media/pictures/theocharous_petros_2_72dpi.jpg	mixd.tv		
rp14-speaker-2209	rp14	Claudia Seifert	http://re-publica.de/sites/14.re-publica.de/files/media/pictures/claudia_seifert_ifkbroschuere_2.jpg	Institut für KoWi	Wissenschaftliche Mitarbeiterin	
rp14-speaker-2210	rp14	Bruno Kramm	http://re-publica.de/sites/14.re-publica.de/files/media/pictures/bruno_kramm_lavo_by_polgf.jpg	Piratenpartei	Beauftragter UrhR	
rp14-speaker-2212	rp14	Il-Jin Atem Choi	http://re-publica.de/sites/14.re-publica.de/files/media/pictures/il-jin_atem_choi_zwickau_2013_72dpi.jpg	atemmeta.de	Artist | Graffitist	
rp14-speaker-2214	rp14	Friederike  Behrends	http://re-publica.de/sites/14.re-publica.de/files/media/pictures/friederike_behrends_fuer_rp.jpg	Magine	Deutschland Managerin 	
rp14-speaker-2216	rp14	Alyona Asyamova	http://re-publica.de/sites/14.re-publica.de/files/media/pictures/alyona.jpg	Impact Hub GmbH	Global Impact Coordinator 	
rp14-speaker-2217	rp14	Ferda Ataman	http://re-publica.de/sites/14.re-publica.de/files/media/pictures/t.lobenwein_ferda_ataman-10.jpg	Mediendienst Integration	Leiterin	
rp14-speaker-2219	rp14	Johnny Haeusler	http://re-publica.de/sites/14.re-publica.de/files/media/pictures/johnny_haeusler_bw.jpg	Spreeblick	Master of ceremony	
rp14-speaker-2220	rp14	Reem Almasri	http://re-publica.de/sites/14.re-publica.de/files/media/pictures/679829_10152235472355484_294656010_o.jpg	7iber Dot Com	Internet Research Lead	
rp14-speaker-2221	rp14	Nani Jansen	http://re-publica.de/sites/14.re-publica.de/files/media/pictures/photo_medium.jpeg	Media Legal Defence Initiative	Senior Legal Counsel	
rp14-speaker-2226	rp14	Jan Arpe	http://re-publica.de/sites/14.re-publica.de/files/media/pictures/3933031897_9f7e99a285_b.jpg	Bertelsmann Stiftung	Project Manager	
rp14-speaker-2230	rp14	Faruq Hunter	http://re-publica.de/sites/14.re-publica.de/files/media/pictures/head-shoulder-faruq.jpg	Geeks Gone Global	Chief Geek In Charge	
rp14-speaker-2231	rp14	Delia Browne	http://re-publica.de/sites/14.re-publica.de/files/media/pictures/photo_delia_3.jpg	P2PU / National Copyright Unit	Co-Founder / Director	
rp14-speaker-2232	rp14	Fabian-Carlos Guhl	http://re-publica.de/sites/14.re-publica.de/files/media/pictures/fabian_guhl.png	FounderBus Africa	CEO FounderBus Africa	
rp14-speaker-2234	rp14	Stephen LaPorte	http://re-publica.de/sites/14.re-publica.de/files/media/pictures/me-computer.jpg	Hatnote	Contributor	
rp14-speaker-2237	rp14	Friedrich Kitschelt	http://re-publica.de/sites/14.re-publica.de/files/media/pictures/297014_1.jpg	BMZ	Staatssekretär	
rp14-speaker-2242	rp14	Sönke Bartling	http://re-publica.de/sites/14.re-publica.de/files/media/pictures/5611_106792676876_5668657_n_0.jpg	dkfz		
rp14-speaker-2243	rp14	Sina Kamala	http://re-publica.de/sites/14.re-publica.de/files/media/pictures/sk_bild_0.png			
rp14-speaker-2244	rp14	Michaela Lampert	http://re-publica.de/sites/14.re-publica.de/files/media/pictures/michaela.jpg			
rp14-speaker-2245	rp14	Jöran Muuß-Merholz	http://re-publica.de/sites/14.re-publica.de/files/media/pictures/joeran_muuss-merholz_quelle_selfie_iste.jpg	Agentur J&amp;K – Jöran und Konsorten	Jöran	
rp14-speaker-2247	rp14	Tom Burck	http://re-publica.de/sites/14.re-publica.de/files/media/pictures/tom.jpg	Gameforge AG	Vice President Customer Communication	
rp14-speaker-2259	rp14	Paula Gutierrez	http://re-publica.de/sites/14.re-publica.de/files/media/pictures/image_11.jpg	Impact Hub Bogota	Managing Director	
rp14-speaker-2266	rp14	Tariq Khokhar	http://re-publica.de/sites/14.re-publica.de/files/media/pictures/tk_profile_color_hires.jpg	World Bank	Data Scientist	
rp14-speaker-2267	rp14	Julia Manske	http://re-publica.de/sites/14.re-publica.de/files/media/pictures/dsc_0145-julia.jpg	Vodafone Institute 		
rp14-speaker-2268	rp14	Elton Rivas	http://re-publica.de/sites/14.re-publica.de/files/media/pictures/elton_talking.png	One Spark	Co-Founder	
rp14-speaker-2269	rp14	Aleksey Stemmer	http://re-publica.de/sites/14.re-publica.de/files/media/pictures/avatar_0.jpg	alexstemmer.com	photographer	
rp14-speaker-2270	rp14	Moritz Stefaner	http://re-publica.de/sites/14.re-publica.de/files/media/pictures/mo_bw_dark.gif	Truth &amp; Beauty Operator		
rp14-speaker-2280	rp14	Kaja Scheliga	http://re-publica.de/sites/14.re-publica.de/files/media/pictures/hiig_portrait0212.jpg	HIIG	Doctoral Researcher	
rp14-speaker-2286	rp14	Laura Terberl	http://re-publica.de/sites/14.re-publica.de/files/media/pictures/speaker-klein.jpg	Hochschule der Medien	Moderatorin	
rp14-speaker-2301	rp14	Patrick Ferling	http://re-publica.de/sites/14.re-publica.de/files/media/pictures/ohne_titel.jpg			
rp14-speaker-2303	rp14	crispin hunt	http://re-publica.de/sites/14.re-publica.de/files/media/pictures/crispin_hunt-2271-2-1.jpg	Featured Artists Coalition 	Co-Cheif Executive Officer	
rp14-speaker-2306	rp14	Irene Agrivina	http://re-publica.de/sites/14.re-publica.de/files/media/pictures/saigon_0.jpg	HONF	Founder	
rp14-speaker-2310	rp14	Richard  Kastelein	http://re-publica.de/sites/14.re-publica.de/files/media/pictures/richardnew.jpg	Agora Media Ltd	Digital Strategist, Innovation Catalyst, Writer, Entrepreneur, TEDxter, FRSA	
rp14-speaker-2313	rp14	Helen Smith	http://re-publica.de/sites/14.re-publica.de/files/media/pictures/hsmith_colour.jpg	IMPALA	Executive Chair	
rp14-speaker-2314	rp14	Arend-Jan Majoor	http://re-publica.de/sites/14.re-publica.de/files/media/pictures/profiel_arend-janmajoor7.jpg	Frismakers Company	Founder	
rp14-speaker-2315	rp14	Sally Broughton Micova	http://re-publica.de/sites/14.re-publica.de/files/media/pictures/sally_headshot_brighter.png	LSE Media Policy Project	Research Officer	
rp14-speaker-2323	rp14	Victoria Wenzelmann	http://re-publica.de/sites/14.re-publica.de/files/media/pictures/vic_republica.jpg	AfricaHackTrip		
rp14-speaker-2325	rp14	Helienne Lindvall	http://re-publica.de/sites/14.re-publica.de/files/media/pictures/skiss_3_2_.jpg	helienne.com	Songwriter and columnist	
rp14-speaker-2326	rp14	Prof. Tobias Wallisser	http://re-publica.de/sites/14.re-publica.de/files/media/pictures/wallisser.jpg	LAVA 	Professor Staatliche Akademie der Bildenden Künste Stuttgart,	
rp14-speaker-2327	rp14	Elisabeth Wisniewski	http://re-publica.de/sites/14.re-publica.de/files/media/pictures/339.jpg	Europäisches Parlament	Referentin für Öffentlichkeitsarbeit	
rp14-speaker-2328	rp14	Sebastian Mittag	http://re-publica.de/sites/14.re-publica.de/files/media/pictures/sebastian_mittag.jpg	Studio Fizbin	Co-Founder & Creative Director	
rp14-speaker-2329	rp14	Geraldine de Bastion	http://re-publica.de/sites/14.re-publica.de/files/media/pictures/pic_into_the_wild.jpg	re:publica	Programmteam	
rp14-speaker-2331	rp14	Georg Wurth	http://re-publica.de/sites/14.re-publica.de/files/media/pictures/s1180037_kl.jpg	Deutscher Hanf Verband	Geschäftsführer	
rp14-speaker-2332	rp14	Leonhard Dobusch	http://re-publica.de/sites/14.re-publica.de/files/media/pictures/ld0-square.jpg	Freie Universität Berlin	Juniorprofessor für Organisationstheorie	
rp14-speaker-2333	rp14	Pranesh Prakash	http://re-publica.de/sites/14.re-publica.de/files/media/pictures/silver-wok-close-up-300.jpg	CIS / Yale ISP	Policy Director / A2K Fellow	
rp14-speaker-2335	rp14	Beatrice Möller	http://re-publica.de/sites/14.re-publica.de/files/media/pictures/beabildsw.jpg	beamoeller-film.com	Regisseurin	
rp14-speaker-2336	rp14	Volker Tripp	http://re-publica.de/sites/14.re-publica.de/files/media/pictures/picture-2373.jpg	Digitale Gesellschaft e.V.	Advocacy Manager	
rp14-speaker-2337	rp14	Dr. Marcus Hofmann	http://re-publica.de/sites/14.re-publica.de/files/media/pictures/marcus_hofmann.jpg	Mercedes-AMG GmbH	Teamleiter im Bereich Akustik und Schwingungen	
rp14-speaker-2338	rp14	Helmuth Ritzer	http://re-publica.de/sites/14.re-publica.de/files/media/pictures/helmuth_ritzer_big.jpg	moovel GmbH	CTO der moovel GmbH	
rp14-speaker-2339	rp14	Cem  Ergün-Müller	http://re-publica.de/sites/14.re-publica.de/files/media/pictures/cem_official.jpeg	Telekom Innovation Laboratories	Head of Marketing and Communications	
rp14-speaker-2340	rp14	Raúl Aguayo-Krauthausen	http://re-publica.de/sites/14.re-publica.de/files/media/pictures/raqul_krauthausen.jpg	Sozialhelden e.V.	Gründer	
rp14-speaker-2341	rp14	Walter Matthias  Kunze	http://re-publica.de/sites/14.re-publica.de/files/media/pictures/walter-matthias-kunze-2014-04-altered-sw-3rund.png	trendquest	Gründer und Geschäftsführender Gesellschafter	
rp14-speaker-2342	rp14	Sam Taylor	http://re-publica.de/sites/14.re-publica.de/files/media/pictures/st_headshot_square.jpg	CMU	Commercial & Insights Associate	
rp14-speaker-2343	rp14	Sven Saekert	http://re-publica.de/sites/14.re-publica.de/files/media/pictures/sven_saekert_2014.jpg	Europäisches Parlament	Community Manager	
rp14-speaker-2344	rp14	Stephanie Hankey	http://re-publica.de/sites/14.re-publica.de/files/media/pictures/picture-1929.jpg	Tactical Technology Collective	Co-Founder and Executive Director	
rp14-speaker-2349	rp14	Jessica S. Marquis	http://re-publica.de/sites/14.re-publica.de/files/media/pictures/secrets.jpg	Unicornomics	Chief Unicornomicist	
rp14-speaker-235	rp14	Sascha Lobo	http://re-publica.de/sites/14.re-publica.de/files/media/pictures/saschalobo_icon_gross.jpg	 	Autor. Vortragsredner. Internet.	
rp14-speaker-2351	rp14	Thilo Kunzemann	http://re-publica.de/sites/14.re-publica.de/files/media/pictures/photo_on_19-07-12_at_08.45_3.jpg	Europäisches Parlament	Web-Redakteur & Social Media Koordinator 	
rp14-speaker-2355	rp14	Thomas Noschka	http://re-publica.de/sites/14.re-publica.de/files/media/pictures/thomasnoschka.jpg	TexBlock	Videokünstler	
rp14-speaker-2360	rp14	Frank  Rieger	http://re-publica.de/sites/14.re-publica.de/files/media/pictures/frank_rieger.jpg			
rp14-speaker-2361	rp14	Jamie Love	http://re-publica.de/sites/14.re-publica.de/files/media/pictures/jamie_love_pic.jpg	Knowledge Ecology International	Director	
rp14-speaker-2362	rp14	Beate Wedekind	http://re-publica.de/sites/14.re-publica.de/files/media/pictures/beate_portrait_rodrigo_gomez_monreal.jpg	TheNewAfrica//Journal of Change	Founder	
rp14-speaker-2365	rp14	Uwe Lübbermann	http://re-publica.de/sites/14.re-publica.de/files/media/pictures/kopf.jpg	Premium-Cola	Zentraler Moderator	
rp14-speaker-2366	rp14	Sherif Rashwan	http://re-publica.de/sites/14.re-publica.de/files/media/pictures/20140329_140557-2.jpg	ICEALEX	Core Team Member	
rp14-speaker-2367	rp14	Constantin Seibt	http://re-publica.de/sites/14.re-publica.de/files/media/pictures/constantin-seibt-448x673.jpg	Tages-Anzeiger		
rp14-speaker-2372	rp14	Fredrik Debong	http://re-publica.de/sites/14.re-publica.de/files/media/pictures/fdebong_1366148138_57.jpg	mySugr	Co-Founder, Community Relations Lead	
rp14-speaker-2374	rp14	Jay Cousins	http://re-publica.de/sites/14.re-publica.de/files/media/pictures/join.jpg	Mindflip		
rp14-speaker-2375	rp14	David Hasselhoff	http://re-publica.de/sites/14.re-publica.de/files/media/pictures/bildschirmfoto_2014-04-21_um_03.44.38_nachm.png			
rp14-speaker-2377	rp14	Sarah Harrison	http://re-publica.de/sites/14.re-publica.de/files/media/pictures/harrison-photo1_0.jpg			
rp14-speaker-2378	rp14	Alexis Rossi	http://re-publica.de/sites/14.re-publica.de/files/media/pictures/alexis_rossi.jpeg	Internet Archive	Director of Web Services	
rp14-speaker-2379	rp14	Elisabeth Niggemann	http://re-publica.de/sites/14.re-publica.de/files/media/pictures/elisabeth_niggemann_8932.jpg	Deutsche Nationalbibliothek	Generaldirektorin	
rp14-speaker-2380	rp14	Yvonne Hofstetter	http://re-publica.de/sites/14.re-publica.de/files/media/pictures/yvonne-hofstetter.jpg	Teramark Technologies GmbH	Managing Director	
rp14-speaker-2381	rp14	Nicolas Friederici	http://re-publica.de/sites/14.re-publica.de/files/media/pictures/img_20130612_102601_0.jpg	Oxford Internet Institute	Doctoral Student	
rp14-speaker-2382	rp14	Peter Weibel	http://re-publica.de/sites/14.re-publica.de/files/media/pictures/peter_weibel.jpg			
rp14-speaker-2385	rp14	Stefan  Niggemeier	http://re-publica.de/sites/14.re-publica.de/files/media/pictures/niggemeierrp.jpeg	BILDblog	Gründer 	
rp14-speaker-2387	rp14	Kitty Leering	http://re-publica.de/sites/14.re-publica.de/files/media/pictures/xl_cf053182-edit-2-2klein_1.jpg	PICNIC	Program Director	
rp14-speaker-2388	rp14	Dennis Wilsmann	http://re-publica.de/sites/14.re-publica.de/files/media/pictures/denniswilsmann5.jpg	Quadia Online Video	Sales Manager DACH	
rp14-speaker-239	rp14	Sophie Hiltner	http://re-publica.de/sites/14.re-publica.de/files/media/pictures/k800_100_6395.jpg	The blogosphere of your body	Physical therapist and BA of social sciences	
rp14-speaker-2390	rp14	Carina Lopes	http://re-publica.de/sites/14.re-publica.de/files/media/pictures/carina_lopes_bw.jpg	citymart	Manager Research & Providers	
rp14-speaker-2391	rp14	Thomas LeBlanc	http://re-publica.de/sites/14.re-publica.de/files/media/pictures/foto_le_blanc5.jpg	Phantastische Bibliothek Wetzlar	Gründer und Vorstand 	
rp14-speaker-2392	rp14	Lukas Gnettner	http://re-publica.de/sites/14.re-publica.de/files/media/pictures/lukas_gnettner.png	VerbaVoice	Eventmanagement	
rp14-speaker-2393	rp14	Christoph Schultheis	http://re-publica.de/sites/14.re-publica.de/files/media/pictures/image_12.jpg		Ex-BILDblogger	
rp14-speaker-2395	rp14	Anne Wizorek	http://re-publica.de/sites/14.re-publica.de/files/media/pictures/annewizorek_quadratisch.jpg			
rp14-speaker-2397	rp14	DJFriction  	http://re-publica.de/sites/14.re-publica.de/files/media/pictures/dj_friction_presse_4_photo_credit_ronny_schoenebaum.jpg		Discjockey und Produzent	
rp14-speaker-240	rp14	Sascha Funk	http://re-publica.de/sites/14.re-publica.de/files/media/pictures/jc_0.jpg	Rangsit University	Online Strategist & Lecturer	
rp14-speaker-2400	rp14	Mats Schönauer	http://re-publica.de/sites/14.re-publica.de/files/media/pictures/mats.jpg	BILDblog		
rp14-speaker-2401	rp14	Mike Bonanno	http://re-publica.de/sites/14.re-publica.de/files/media/pictures/yes_men_stage_kopie.png	The Yes Men		
rp14-speaker-2402	rp14	Andy Bichlbaum	http://re-publica.de/sites/14.re-publica.de/files/media/pictures/yes_men_stage_noch_eine_kopie.png	The Yes Men		
rp14-speaker-2406	rp14	David Bonney	http://re-publica.de/sites/14.re-publica.de/files/media/pictures/atheist_shoes.jpg	Atheist Shoes	Founder	
rp14-speaker-2407	rp14	Alexander Sander	http://re-publica.de/sites/14.re-publica.de/files/media/pictures/alexsander-artshot-klein.jpg	Digitale Gesellschaft e.V. 	Geschäftsführer	
rp14-speaker-2410	rp14	Lucy Patterson	http://re-publica.de/sites/14.re-publica.de/files/media/pictures/lucy.jpg	Science Hack Day Berlin	Co-organiser	
rp14-speaker-2411	rp14	Brigitte  Zypries	http://re-publica.de/sites/14.re-publica.de/files/media/pictures/zypries-brigitte_gallery_zoomed.jpg			
rp14-speaker-2413	rp14	Thorsten  Hübschen	http://re-publica.de/sites/14.re-publica.de/files/media/pictures/th.jpg	Microsoft Deutschland GmbH	Direktor Geschäftsbereich Office	
rp14-speaker-2414	rp14	Johannes  Kretzschmar	http://re-publica.de/sites/14.re-publica.de/files/media/pictures/portrait1.jpg			
rp14-speaker-2415	rp14	Gerd Müller	http://re-publica.de/sites/14.re-publica.de/files/media/pictures/dr-gerd-mueller1.jpg	BMZ	German Federal Minister for Economic Cooperation and Development	
rp14-speaker-2416	rp14	Sandra Zistl	http://re-publica.de/sites/14.re-publica.de/files/media/pictures/sandra_zistl_portrait_quadratisch.jpg	hostwriter	Co-founder	
rp14-speaker-2417	rp14	Reinhard  Remfort	http://re-publica.de/sites/14.re-publica.de/files/media/pictures/remfort100_v-wdrportraitgross.jpg			
rp14-speaker-2419	rp14	Markus Beckedahl	http://re-publica.de/sites/14.re-publica.de/files/media/pictures/mb_newthinking.jpg			
rp14-speaker-242	rp14	Katrin Moser	http://re-publica.de/sites/14.re-publica.de/files/media/pictures/946903_662318183784264_875719344_n.jpg			
rp14-speaker-2422	rp14	Michael Metzger	http://re-publica.de/sites/14.re-publica.de/files/media/pictures/michael_bewerbungsfoto.jpg		Kulturanthropologie, Science Slam, Medienberatung	
rp14-speaker-2423	rp14	Tamara Anthony	http://re-publica.de/sites/14.re-publica.de/files/media/pictures/tamara_anthony.jpg	hostwriter		
rp14-speaker-2425	rp14	Eric King	http://re-publica.de/sites/14.re-publica.de/files/media/pictures/picture-6-1334362329.jpg	Privacy International	Head of Research	
rp14-speaker-2426	rp14	Nora-Vanessa Wohlert	http://re-publica.de/sites/14.re-publica.de/files/media/pictures/nora_by_carolin_weinkopf.png	EDITION F: Ein Start mit #Ansage	Mit-Gründerin	
rp14-speaker-2429	rp14	Gilli Cegla	http://re-publica.de/sites/14.re-publica.de/files/media/pictures/gilli_cegla_high_rez1.png	Novawind	Managing Director	
rp14-speaker-2430	rp14	Conni Biesalski	http://re-publica.de/sites/14.re-publica.de/files/media/pictures/quadratisch.jpg	Planet Backpack	Chief Experience Officer	
rp14-speaker-2431	rp14	Lotte v. Bausznern	http://re-publica.de/sites/14.re-publica.de/files/media/pictures/ich_klein.png			
rp14-speaker-2432	rp14	Tina Meier	http://re-publica.de/sites/14.re-publica.de/files/media/pictures/tinameier-web-martinavankann_0.jpg	Dranbleib Expertin	Change Facilitator - Speaker - 	
rp14-speaker-2433	rp14	Dawn Danby	http://re-publica.de/sites/14.re-publica.de/files/media/pictures/desertcrop.jpg	Autodesk	Sr. Sustainable Design Program Manager	
rp14-speaker-2435	rp14	Ramin Soleymani	http://re-publica.de/sites/14.re-publica.de/files/media/pictures/ramin.jpg	Science Hack Day	Co-organiser	
rp14-speaker-2437	rp14	Sarah Pust	http://re-publica.de/sites/14.re-publica.de/files/media/pictures/sarah.pust_foto.rieka_.anscheit.jpg	pusteblumemedia		
rp14-speaker-2445	rp14	Bill Zimmerman	http://re-publica.de/sites/14.re-publica.de/files/media/pictures/bill-zimmerman1.jpg	Venture Capital for Africa	Co-Founder	
rp14-speaker-245	rp14	Anna Biselli	http://re-publica.de/sites/14.re-publica.de/files/media/pictures/hippo.jpg	netzpolitik.org		
rp14-speaker-2450	rp14	Bastian Lange	http://re-publica.de/sites/14.re-publica.de/files/media/pictures/bastianlange4klein.jpg	Multiplicities	Director	
rp14-speaker-2451	rp14	Susann Hoffmann	http://re-publica.de/sites/14.re-publica.de/files/media/pictures/susann_ef.jpg	EDITION F: EIN STARTUP MIT #ANSAGE 	Mit-Gründerin	
rp14-speaker-2452	rp14	Oksana Romaniuk	http://re-publica.de/sites/14.re-publica.de/files/media/pictures/oksana_romaniuk.jpg			
rp14-speaker-2453	rp14	Alena Popova	http://re-publica.de/sites/14.re-publica.de/files/media/pictures/alena.jpg			
rp14-speaker-2457	rp14	Johannes von Borstel	http://re-publica.de/sites/14.re-publica.de/files/media/pictures/0.jpg			
rp14-speaker-2459	rp14	Bianca Jagger	http://re-publica.de/sites/14.re-publica.de/files/media/pictures/rankin_051_2r_biancajagger.jpg			
rp14-speaker-2460	rp14	Andreas Gebhard	http://re-publica.de/sites/14.re-publica.de/files/media/pictures/dsc_4700-bearbeitet.jpg	re:publica	Geschäftsführer	
rp14-speaker-2469	rp14	Baso  	http://re-publica.de/sites/14.re-publica.de/files/media/pictures/baso.jpg		Spoken Word-Künstlerin 	
rp14-speaker-247	rp14	Marcus John Henry Brown	http://re-publica.de/sites/14.re-publica.de/files/media/pictures/img_1525.jpg	We Are Social Deutschland GmbH	Creative Director	
rp14-speaker-2472	rp14	Tanja Haeusler	http://re-publica.de/sites/14.re-publica.de/files/media/pictures/thaeusler_neu.jpg	Co-Founder of re:publica	Super Mario Mother	
rp14-speaker-2475	rp14	Stephen Kovats	http://re-publica.de/sites/14.re-publica.de/files/media/pictures/kovats_pic_wikitopia.jpg	r0g_agency for open culture	founding director	
rp14-speaker-2488	rp14	Per Cromwell	http://re-publica.de/sites/14.re-publica.de/files/media/pictures/pc.jpg	Creative Director		
rp14-speaker-2490	rp14	Christoph Brunmayr	http://re-publica.de/sites/14.re-publica.de/files/media/pictures/cb_por01_0.jpg	The Tale Studio	Founder / Strategist	
rp14-speaker-2492	rp14	William Cohn	http://re-publica.de/sites/14.re-publica.de/files/media/pictures/william_cohen_zdfneo.jpg			
rp14-speaker-2493	rp14	Thilo Mischke	http://re-publica.de/sites/14.re-publica.de/files/media/pictures/thilo_mischke_-_zdfneo.jpg	ZDFneo	Autor, Kolumnist, Journalist und Moderator	
rp14-speaker-2494	rp14	Johanna Maria Knothe	http://re-publica.de/sites/14.re-publica.de/files/media/pictures/knothe_fuer_rp.jpg	ZDFneo	Reporterin und TV-Autorin	
rp14-speaker-2498	rp14	Max Hoppenstedt	http://re-publica.de/sites/14.re-publica.de/files/media/pictures/maxhoppenstedt_by_grey_hutton.jpg	VICE / Motherboard	Redaktionsleitung	
rp14-speaker-2502	rp14	Claire Talon	http://re-publica.de/sites/14.re-publica.de/files/media/pictures/michigan.jpg	Tactical Technology Collective	Developer	
rp14-speaker-2505	rp14	Oksana Romaniuk	http://re-publica.de/sites/14.re-publica.de/files/media/pictures/381670_248199391908326_399659651_n.jpg	Institute of Mass Information	executive director	
rp14-speaker-2506	rp14	Katharina Finke	http://re-publica.de/sites/14.re-publica.de/files/media/pictures/katharinafinke.jpeg	Katharina Finke	freelance journalist	
rp14-speaker-2507	rp14	Maria Xynou	http://re-publica.de/sites/14.re-publica.de/files/media/pictures/dsc02159.jpg	Tactical Technology Collective 	Project Researcher	
rp14-speaker-2510	rp14	Nadja Buttendorf	http://re-publica.de/sites/14.re-publica.de/files/media/pictures/nadja-5_kopie_3.jpg	cyborgs e.V.	founding member  	
rp14-speaker-2515	rp14	Dorothee  Werner	http://re-publica.de/sites/14.re-publica.de/files/media/pictures/dw.jpg	Börsenverein des Dt. Buchhandels	Leitung Unternehmensentwickung 	
rp14-speaker-2517	rp14	Mark Lizar	http://re-publica.de/sites/14.re-publica.de/files/media/pictures/mark-3-usable_consent.png	Open Notice	Co-Founder	
rp14-speaker-2519	rp14	Prof. Dr. Annekatrin  Hoppe	http://re-publica.de/sites/14.re-publica.de/files/media/pictures/p_foto_normal.jpg	Humbolt-Universität zu Berlin	Juniorprofessorin	
rp14-speaker-2520	rp14	Elmar Giglinger	http://re-publica.de/sites/14.re-publica.de/files/media/pictures/elmar_giglinger_72_dpi.jpg	Medienboard Berlin-Brandenburg GmbH	Geschäftsführer	
rp14-speaker-2522	rp14	Alexander  Steinhart	http://re-publica.de/sites/14.re-publica.de/files/media/pictures/alexander_steinhart.jpg	( OFFTIME )	Psychologist, Co-Founder	
rp14-speaker-2523	rp14	Tim Ende-Styra	http://re-publica.de/sites/14.re-publica.de/files/media/pictures/actrivision1.jpg	Simyo	Manager External Communications 	
rp14-speaker-2538	rp14	Nicola Holtkamp	http://re-publica.de/sites/14.re-publica.de/files/media/pictures/nicola_holtkamp.jpg	studio H2	Freie Art Directorin	
rp14-speaker-2545	rp14	Max Spallek	http://re-publica.de/sites/14.re-publica.de/files/media/pictures/img_0843.jpg		Moderator	
rp14-speaker-2547	rp14	Wenzel Michalski	http://re-publica.de/sites/14.re-publica.de/files/media/pictures/foto_wenzelmichalski_web.jpeg	Human Rights Watch	Germany Director	
rp14-speaker-255	rp14	Balázs Bodó	http://re-publica.de/sites/14.re-publica.de/files/media/pictures/img_9197.jpg	Institute for Information Law – UvA	Marie Curie Fellow	
rp14-speaker-2551	rp14	Markus Löning	http://re-publica.de/sites/14.re-publica.de/files/media/pictures/markus_loning_portrat.jpg	Privacy Project	Senior Fellow	
rp14-speaker-256	rp14	Stephan Noller	http://re-publica.de/sites/14.re-publica.de/files/media/pictures/f0c273d4ce7d5efbb42e4ddf17c1ab81.jpeg	nugg.ad AG	CEO	
rp14-speaker-2560	rp14	Sandra Andersson	http://re-publica.de/sites/14.re-publica.de/files/media/pictures/10323091_10202997442044455_1522346876_n.png	Design intern at betahaus		
rp14-speaker-2561	rp14	Peter Rummell	http://re-publica.de/sites/14.re-publica.de/files/media/pictures/rummell_head_shot.jpg	Principal, Rummell Company	Principal, Rummell Company	
rp14-speaker-2564	rp14	Eva Breitbach	http://re-publica.de/sites/14.re-publica.de/files/media/pictures/evabreitbach.jpg	Publixphere e.V.	Community Koordination	
rp14-speaker-2565	rp14	Claudia Krell	http://re-publica.de/sites/14.re-publica.de/files/media/pictures/dscf1270.jpg	Das Sendezentrum|Die Sondersendung	Podcastmuckel	
rp14-speaker-2566	rp14	Joe Sampson	http://re-publica.de/sites/14.re-publica.de/files/media/pictures/joe_sampson_headshot.jpg	One Spark	Executive Director	
rp14-speaker-2567	rp14	Travis Todd	http://re-publica.de/sites/14.re-publica.de/files/media/pictures/13837295334_c9f1126386_b.jpg	One Spark Berlin	Managing Director	
rp14-speaker-2568	rp14	Guido Fahrendholz	http://re-publica.de/sites/14.re-publica.de/files/media/pictures/guido.jpg	strassen|feger		
rp14-speaker-2569	rp14	Dr. Thomas Specht	http://re-publica.de/sites/14.re-publica.de/files/media/pictures/portrait02-specht-kittler.jpg	Geschäftsführer BAGW		
rp14-speaker-2571	rp14	Katja Gloger	http://re-publica.de/sites/14.re-publica.de/files/media/pictures/katja_gloger.stern_magazine.jpg	Stern Magazine	Editor-at-Large	
rp14-speaker-2572	rp14	Christoph Krachten	http://re-publica.de/sites/14.re-publica.de/files/media/pictures/christoph_krachten_k.jpg	Mediakraft Networks	President	
rp14-speaker-2573	rp14	Markus Herrmann	http://re-publica.de/sites/14.re-publica.de/files/media/pictures/eisinsta.jpg			
rp14-speaker-2577	rp14	Joachim Bühler	http://re-publica.de/sites/14.re-publica.de/files/media/pictures/0158_33943_druck.jpg	BITKOM	Member of the Executive Board 	
rp14-speaker-2580	rp14	Philip Banse	http://re-publica.de/sites/14.re-publica.de/files/media/pictures/potrait_banse.jpg	Kuechenstud.io - New Radio	Gründer	
rp14-speaker-2582	rp14	Cornelia  Richter	http://re-publica.de/sites/14.re-publica.de/files/media/pictures/cornelia_richter_giz.jpg	GIZ	Managing Director	
rp14-speaker-2583	rp14	Rosemary  Mbabazi	http://re-publica.de/sites/14.re-publica.de/files/media/pictures/mbabazi_rosemary.jpg	Ministry of youth and ICT of Rwanda	Permanent Secretary 	
rp14-speaker-2584	rp14	Ben Schlabs	http://re-publica.de/sites/14.re-publica.de/files/media/pictures/ben_wall.jpg			
rp14-speaker-2587	rp14	Claudia Heydolph	http://re-publica.de/sites/14.re-publica.de/files/media/pictures/profilbild_2.jpg	Redaktionsbüro crossmedial	Journalistin und Medienhistorikerin	
rp14-speaker-2588	rp14	Christoph  Wiesner	http://re-publica.de/sites/14.re-publica.de/files/media/pictures/cw2_0.jpg			
rp14-speaker-2589	rp14	Isabell-Christina Zernitz-Wiesner	http://re-publica.de/sites/14.re-publica.de/files/media/pictures/iwz.jpg			
rp14-speaker-2590	rp14	Felipe  Altenfelder	http://re-publica.de/sites/14.re-publica.de/files/media/pictures/captura_de_tela_2014-04-29_15.06.01.png	Media NINJA	Editor	
rp14-speaker-2603	rp14	Sascha Weinmann	http://re-publica.de/sites/14.re-publica.de/files/media/pictures/portrait_sascha.jpg	SaschaWeinmann.de	Freiberufler	
rp14-speaker-2605	rp14	Volker Grassmuck	http://re-publica.de/sites/14.re-publica.de/files/media/pictures/07-03_43_cropped.jpg	CDC, Leuphana Universität Lüneburg	wissenschaftlicher Leiter "Grundversorgung 2.0"	
rp14-speaker-2609	rp14	defa 	http://re-publica.de/sites/14.re-publica.de/files/media/pictures/republica.png	so36.net		
rp14-speaker-2610	rp14	Uri Aviv	http://re-publica.de/sites/14.re-publica.de/files/media/pictures/uri_cannes_2013.jpg	Utopia Festival	General Director	
rp14-speaker-2611	rp14	Martin Danisch	http://re-publica.de/sites/14.re-publica.de/files/media/pictures/passfoto_martin.jpg	NICO KUPFERBERG	GF	
rp14-speaker-2613	rp14	Thomas Kollbach	http://re-publica.de/sites/14.re-publica.de/files/media/pictures/toto_nxtbgthng_square_480.jpg	nxtbgthng GmbH	Co-Founder	
rp14-speaker-2617	rp14	Chris 	http://re-publica.de/sites/14.re-publica.de/files/media/pictures/chris.png	Tactical Technology Collective	Digital Security Advisor	
rp14-speaker-2625	rp14	Martin Kretschmer	http://re-publica.de/sites/14.re-publica.de/files/media/pictures/martin-kretschmer-sitting-819x1024.jpg	CREATe	Director	
rp14-speaker-2626	rp14	Christian Flisek, MdB	http://re-publica.de/sites/14.re-publica.de/files/media/pictures/portrait_brandenburgertor_ausschnitt.jpg	Bundestagsabgeordneter	SPD-Sprecher für den 1. Untersuchungsausschuss/18. WP (NSA)	
rp14-speaker-2627	rp14	Klaus Unterberger	http://re-publica.de/sites/14.re-publica.de/files/media/pictures/unterberger01.jpg	ORF	Head	
rp14-speaker-2628	rp14	Hans Hege	http://re-publica.de/sites/14.re-publica.de/files/media/pictures/mabb_foto_hege_2013_300dpi.jpg	mabb	Director	
rp14-speaker-2631	rp14	Verena  Dauerer	http://re-publica.de/sites/14.re-publica.de/files/media/pictures/verena_dauerer_0.jpg	designjournalisten		
rp14-speaker-2632	rp14	Andreas Orth	http://re-publica.de/sites/14.re-publica.de/files/media/pictures/andreas_orth.jpg	Berliner Fenster GmbH	Geschäftsführer und Geschäftsführender Gesellschafter mc R&D GmbH	
rp14-speaker-2633	rp14	Valentin Goldbach	http://re-publica.de/sites/14.re-publica.de/files/media/pictures/image_13.jpg			
rp14-speaker-2658	rp14	Sandra Mamitzsch	http://re-publica.de/sites/14.re-publica.de/files/media/pictures/21394630751978711560.png	re:publica GmbH	programme director	
rp14-speaker-2660	rp14	Tobias Neisecke	http://re-publica.de/sites/14.re-publica.de/files/media/pictures/tobias_neisecke_quadratisch_1024x1024.jpg	re:health	Co-Curation & Moderation	
rp14-speaker-2662	rp14	Florian Amon	http://re-publica.de/sites/14.re-publica.de/files/media/pictures/flo.jpeg	Consultant Profile SIRIS Academic		
rp14-speaker-2663	rp14	Donald Clark	http://re-publica.de/sites/14.re-publica.de/files/media/pictures/p1050311lowj.jpg	Donald Clark  PlanB Learning	CEO	
rp14-speaker-2664	rp14	Niloufar Behradi-Ohnacker	http://re-publica.de/sites/14.re-publica.de/files/media/pictures/niloufar.jpg	Blogrebellen	Design und Kommunikation	
rp14-speaker-2666	rp14	Katharina Meyer	http://re-publica.de/sites/14.re-publica.de/files/media/pictures/imag0009_0.jpg	re:publica		
rp14-speaker-2667	rp14	Rafael Dernbach	http://re-publica.de/sites/14.re-publica.de/files/media/pictures/rafael_dernbach_kopie.jpg			
rp14-speaker-2668	rp14	Charlotte Obermeier	http://re-publica.de/sites/14.re-publica.de/files/media/pictures/charlotte.jpg			
rp14-speaker-2669	rp14	Jennifer Beecher	http://re-publica.de/sites/14.re-publica.de/files/media/pictures/jennifer_beecher_soundcloud.jpg	SoundCloud	Poduktmanagerin, Trainerin und Mentorin 	
rp14-speaker-2670	rp14	Andreas Urban	http://re-publica.de/sites/14.re-publica.de/files/media/pictures/andreas_urban.jpg	Microsoft Deutschland GmbH	Leiter Open Source Strategie	
rp14-speaker-2671	rp14	Val Racheeva	http://re-publica.de/sites/14.re-publica.de/files/media/pictures/val_picture.jpg	WEFOUND World Women Startups	CEO & Founder	
rp14-speaker-2672	rp14	Franziska Nylen	http://re-publica.de/sites/14.re-publica.de/files/media/pictures/franziska_picture.jpg	WEFOUND Worl Women Startups		
rp14-speaker-2673	rp14	Anja Wollenberg	http://re-publica.de/sites/14.re-publica.de/files/media/pictures/rs6331_mg_7608-scr.jpg	MICT		
rp14-speaker-2674	rp14	Ludwig Kannicht	http://re-publica.de/sites/14.re-publica.de/files/media/pictures/lu_e23206_mai2013-ludwig-portrait-sw-900px.jpg	Dark Horse Innovation	One of 30 Co-Founders	
rp14-speaker-2676	rp14	Clemens Poser	http://re-publica.de/sites/14.re-publica.de/files/media/pictures/2741_fertig_9x13.jpg			
rp14-speaker-2678	rp14	Ruben Neugebauer	http://re-publica.de/sites/14.re-publica.de/files/media/pictures/portraits_ruben-online-2.jpg	Peng Collective	peng collective 	
rp14-speaker-2679	rp14	Dana Hoffmann	http://re-publica.de/sites/14.re-publica.de/files/media/pictures/dana_klein.jpg	Südwest Presse	Redakteurin	
rp14-speaker-2681	rp14	Anne Roth	http://re-publica.de/sites/14.re-publica.de/files/media/pictures/bloggersrights-fsa10.jpg	Tactical Tech	Researcher	
rp14-speaker-2682	rp14	Christine Kolbe	http://re-publica.de/sites/14.re-publica.de/files/media/pictures/christinekolbe1.jpg	www.klugekonzepte.de		
rp14-speaker-2683	rp14	Maren Heltsche	http://re-publica.de/sites/14.re-publica.de/files/media/pictures/maren_heltsche_300dpi.jpg	Speakerinnen	Product Manager & Developer	
rp14-speaker-2684	rp14	Ines  Pohl	http://re-publica.de/sites/14.re-publica.de/files/media/pictures/bestesfotoaw090714-361.jpg	taz - "die tageszeitung"	Chief Editor	
rp14-speaker-2686	rp14	Jan Schwochow	http://re-publica.de/sites/14.re-publica.de/files/media/pictures/jan_schwochow_portrait.jpg	Golden Section Graphics GmbH	Geschäftsführer & Creative Director	
rp14-speaker-2687	rp14	Thorsten Witt	http://re-publica.de/sites/14.re-publica.de/files/media/pictures/thorsten_witt.jpg	Wissenschaft im Dialog	Projektleiter	
rp14-speaker-2688	rp14	stef 	http://re-publica.de/sites/14.re-publica.de/files/media/pictures/avatar_0.png			
rp14-speaker-2689	rp14	Alexa O'Brien	http://re-publica.de/sites/14.re-publica.de/files/media/pictures/alexa_obrien.jpg			
rp14-speaker-2690	rp14	Juliane Schiemenz	http://re-publica.de/sites/14.re-publica.de/files/media/pictures/foto.juliane.schiemenz.jpg			
rp14-speaker-2691	rp14	Mey Lean  Kronemann	http://re-publica.de/sites/14.re-publica.de/files/media/pictures/meyleankronemann.jpg	*m		
rp14-speaker-2692	rp14	Anatol Itten	http://re-publica.de/sites/14.re-publica.de/files/media/pictures/anatol_portrait.jpg	100 prozent erneuerbar stiftung	Senior Specialist Partizipation & Konfliktlösung	
rp14-speaker-2693	rp14	Charlotte Haunhorst	http://re-publica.de/sites/14.re-publica.de/files/media/pictures/republica.jpg	jetzt.de 	Redakteurin	
rp14-speaker-2694	rp14	Daniel Fiene	http://re-publica.de/sites/14.re-publica.de/files/media/pictures/danielfiene300.jpg	@fiene	RP ONLINE & DRadioWissen	
rp14-speaker-2695	rp14	Jonathan Henning	http://re-publica.de/sites/14.re-publica.de/files/media/pictures/jh_profile.jpg	GES	Head of Communications	
rp14-speaker-2696	rp14	Stefanie Söhnchen	http://re-publica.de/sites/14.re-publica.de/files/media/pictures/stefanie_soehnchen.jpg	moovel GmbH		
rp14-speaker-2697	rp14	Jonathan Imme	http://re-publica.de/sites/14.re-publica.de/files/media/pictures/jonathan_headshot.jpg	Ignore Gravity	Co-Founder	
rp14-speaker-2698	rp14	Sebastian  Muschter	http://re-publica.de/sites/14.re-publica.de/files/media/pictures/profile_pcture_sebastian_muschter_neu_portrait.jpg	McKinsey &amp; Company	Principal	
rp14-speaker-270	rp14	Indre Zetzsche	http://re-publica.de/sites/14.re-publica.de/files/media/pictures/indre_by_antje_kroeger_klein_0.jpg	Director@IFOK	Bloggerin@M i MA	
rp14-speaker-2700	rp14	Claudia Brückner 	http://re-publica.de/sites/14.re-publica.de/files/media/pictures/img_4296_kl.jpg	-		
rp14-speaker-2705	rp14	Jens Best	http://re-publica.de/sites/14.re-publica.de/files/media/pictures/1326804165-r-528x370.jpg			
rp14-speaker-2706	rp14	Friederike John	http://re-publica.de/sites/14.re-publica.de/files/media/pictures/rike.jpg			
rp14-speaker-2711	rp14	Vanessa Buth	http://re-publica.de/sites/14.re-publica.de/files/media/pictures/flowerprofile.jpg	Trade School Berlin	Organisation	
rp14-speaker-2713	rp14	Katharina Moebus	http://re-publica.de/sites/14.re-publica.de/files/media/pictures/km_passfoto_300.jpg	Trade School Berlin	Co-organizer	
rp14-speaker-2715	rp14	Laura Jefcoate	http://re-publica.de/sites/14.re-publica.de/files/media/pictures/screen_shot_2014-05-06_at_6.18.41_pm.png	Trade School Berlin		
rp14-speaker-2717	rp14	Dirk Brengelmann	http://re-publica.de/sites/14.re-publica.de/files/media/pictures/brengelmann_dpa.jpg	Auswärtiges Amt	Sonderbeauftragter für Cyber-Außenpolitik	
rp14-speaker-2722	rp14	Pranesh Prakash	http://re-publica.de/sites/14.re-publica.de/files/media/pictures/white.png	The Centre for Internet and Society	Policy Director	
rp14-speaker-281	rp14	Paul Klimpel	http://re-publica.de/sites/14.re-publica.de/files/media/pictures/paul_klimpel_sw_halbprofil.jpg	Internet&amp;Gesellschaft Collaboratory	Koordinator Kulturelles Erbe	
rp14-speaker-283	rp14	Friedemann Karig	http://re-publica.de/sites/14.re-publica.de/files/media/pictures/fk.png			
rp14-speaker-285	rp14	Anett Gläsel-Maslov	http://re-publica.de/sites/14.re-publica.de/files/media/pictures/img_0618.jpg	Metaio	Manager PR & Social Media 	
rp14-speaker-286	rp14	Jan C.  Rode 	http://re-publica.de/sites/14.re-publica.de/files/media/pictures/jcr_20110628_7922.jpg	Der Medienlotse 	Digitalberater und Journalist 	
rp14-speaker-290	rp14	Sven Trautwein	http://re-publica.de/sites/14.re-publica.de/files/media/pictures/sven_trautwein-300x300.jpg	zwillingswelten	Blogger	
rp14-speaker-301	rp14	Hanne Asmussen	http://re-publica.de/sites/14.re-publica.de/files/media/pictures/img_0746-klein2.jpg	Datenverantwortung.org		
rp14-speaker-303	rp14	Ole Reißmann	http://re-publica.de/sites/14.re-publica.de/files/media/pictures/olereissmann.jpg	Spiegel Online	Redakteur	
rp14-speaker-306	rp14	Kathrin  Kaufmann	http://re-publica.de/sites/14.re-publica.de/files/media/pictures/kathrin.xing_.jpg	Haruki	Beratung	
rp14-speaker-307	rp14	Annina Luzie Schmid	http://re-publica.de/sites/14.re-publica.de/files/media/pictures/annina_1213.jpg	Utopianist		
rp14-speaker-316	rp14	Nanjira Sambuli	http://re-publica.de/sites/14.re-publica.de/files/media/pictures/581613_393842494017594_295691506_n.jpeg	iHub Research	Research Manager	
rp14-speaker-318	rp14	Kixka Nebraska	http://re-publica.de/sites/14.re-publica.de/files/media/pictures/profilagentin_kixka_2012.jpg	Die ProfilAgentin		
rp14-speaker-323	rp14	Constantin Alexander	http://re-publica.de/sites/14.re-publica.de/files/media/pictures/1404-costa-bewerbungsfoto-2_0.jpg			
rp14-speaker-325	rp14	Marco Maas	http://re-publica.de/sites/14.re-publica.de/files/media/pictures/foto_marco.jpg	OpenDataCity	Datenjournalist	
rp14-speaker-330	rp14	Sylke Gruhnwald	http://re-publica.de/sites/14.re-publica.de/files/media/pictures/sgr.jpg	Neue Zürcher Zeitung	Team lead NZZ Data	
rp14-speaker-342	rp14	Nele Heise	http://re-publica.de/sites/14.re-publica.de/files/media/pictures/2013-04-24_12.53.38-1_nele.jpg	Hans-Bredow-Institut Hamburg	Junior Researcher	
rp14-speaker-348	rp14	Andrea Meyer	http://re-publica.de/sites/14.re-publica.de/files/media/pictures/andrea_portraet1_4c_800kb.jpg			
rp14-speaker-356	rp14	Ninia Binias	http://re-publica.de/sites/14.re-publica.de/files/media/pictures/ninia_portraet.jpg	papagei.com GmbH	Social Media Managerin	
rp14-speaker-360	rp14	Sanjay Goel	http://re-publica.de/sites/14.re-publica.de/files/media/pictures/me_1.jpg	Oximity	CEO and Co-Founder	
rp14-speaker-365	rp14	Thorsten Kamps	http://re-publica.de/sites/14.re-publica.de/files/media/pictures/2013-08-24_22-52-12_-_arbeitskopie_2.jpg	ScienceEverybody		
rp14-speaker-368	rp14	Bernhard Pörksen	http://re-publica.de/sites/14.re-publica.de/files/media/pictures/022r7105.jpg	Universität Tübingen	Professor für Medienwissenschaft	
rp14-speaker-373	rp14	Thomas Lohninger	http://re-publica.de/sites/14.re-publica.de/files/media/pictures/fire-200kb.jpg	Digitale Gesellschaft		
rp14-speaker-375	rp14	Vivian Pein	http://re-publica.de/sites/14.re-publica.de/files/media/pictures/xing1.jpg	Der Social Media Manager	Social Media Manager	
rp14-speaker-377	rp14	Moritz Metz	http://re-publica.de/sites/14.re-publica.de/files/media/pictures/moritzmetzsquare.jpg	Deutschlandradio	Reporter	
rp14-speaker-378	rp14	Florian Steglich	http://re-publica.de/sites/14.re-publica.de/files/media/pictures/fst_userpic.png	NZZ Lab		
rp14-speaker-387	rp14	Kathrin Passig	http://re-publica.de/sites/14.re-publica.de/files/media/pictures/republicafoto_square_flipped.jpg	Kulturindustrie	Rädchen im Getriebe	
rp14-speaker-392	rp14	Joel Dullroy	http://re-publica.de/sites/14.re-publica.de/files/media/pictures/screen_shot_2014-04-09_at_13.03.26.png	European Freelancers Movement	Campaign Manager	
rp14-speaker-425	rp14	Stefan Holtel	http://re-publica.de/sites/14.re-publica.de/files/media/pictures/30a_0224.jpg	brightONE	Knowledge Workplace Maverick	
rp14-speaker-428	rp14	Mathias Schindler	http://re-publica.de/sites/14.re-publica.de/files/media/pictures/img_4820.jpg	Wikimedia Deutschland	Projektmanager	
rp14-speaker-429	rp14	Max Woodtli	http://re-publica.de/sites/14.re-publica.de/files/media/pictures/max2009.jpg	Päd. Hochschule Thurgau / klick AG	Hochschuldozent	
rp14-speaker-432	rp14	Nele Tabler	http://re-publica.de/sites/14.re-publica.de/files/media/pictures/nele_tabler_web_sw.jpg	Karnele		
rp14-speaker-438	rp14	Johanna Emge	http://re-publica.de/sites/14.re-publica.de/files/media/pictures/img_5786.jpg	Online-Redakteurin		
rp14-speaker-440	rp14	Thorsten Feldmann	http://re-publica.de/sites/14.re-publica.de/files/media/pictures/thorsten_feldmann-17.jpg	JBB Rechtsanwälte	Rechtsanwalt, Fachanwalt für Urheber- und Medienrecht, Partner	
rp14-speaker-451	rp14	Sebastian Wallroth	http://re-publica.de/sites/14.re-publica.de/files/media/pictures/_2843_5x5_300dpi.jpg	GfK nurago GmbH	Technical Consultant	
rp14-speaker-452	rp14	Joerg Blumtritt	http://re-publica.de/sites/14.re-publica.de/files/media/pictures/jb_4.jpg	Datarella GmbH	CEO	
rp14-speaker-453	rp14	Tim Pritlove	http://re-publica.de/sites/14.re-publica.de/files/media/pictures/tim_pritlove_2009_avatar_512x512.jpg	Metaebene Personal Media	Spezialexperte	
rp14-speaker-455	rp14	Michael Kreil	http://re-publica.de/sites/14.re-publica.de/files/media/pictures/avatar.png	OpenDataCity	Data Scientist	
rp14-speaker-459	rp14	Ute Blindert	http://re-publica.de/sites/14.re-publica.de/files/media/pictures/ub_xing.jpg	Business Ladys	Speakerin, Trainerin, Autorin	
rp14-speaker-464	rp14	Claude  Migisha Kalisa	http://re-publica.de/sites/14.re-publica.de/files/media/pictures/claude_migisha_kalisa-2_0.jpg	Freelancer Youth and ICT Innovation		
rp14-speaker-466	rp14	Martin Vesper	http://re-publica.de/sites/14.re-publica.de/files/media/pictures/martin_vesper-300dpi-rgb.jpg	digitalSTROM AG	CEO	
rp14-speaker-472	rp14	Sebastian Horndasch	http://re-publica.de/sites/14.re-publica.de/files/media/pictures/horndasch_klein.jpg	Wikimedia Deutschland e.V.	Projektmanager	
rp14-speaker-481	rp14	Susanne  Mierau	http://re-publica.de/sites/14.re-publica.de/files/media/pictures/susanne_2013_klein.jpg			
rp14-speaker-491	rp14	Guido Brombach	http://re-publica.de/sites/14.re-publica.de/files/media/pictures/guido_brombach.jpg	DGB Bildungswerk	Bildungsreferent	
rp14-speaker-500	rp14	Jenny-Louise Becker	http://re-publica.de/sites/14.re-publica.de/files/media/pictures/respublica1.jpg	EN-PAZ	Gründerin	
rp14-speaker-502	rp14	Heiko Wichmann	http://re-publica.de/sites/14.re-publica.de/files/media/pictures/portraet_2011.jpg	Software Engineer		
rp14-speaker-504	rp14	Jean Peters	http://re-publica.de/sites/14.re-publica.de/files/media/pictures/513x513.png	Peng	none	
rp14-speaker-509	rp14	Shari Langemak	http://re-publica.de/sites/14.re-publica.de/files/media/pictures/xlhealth_2.jpg	Medscape Deutschland	Editorial Director	
rp14-speaker-510	rp14	Martin Fischer	http://re-publica.de/sites/14.re-publica.de/files/media/pictures/nitramred_weida_316_20130831_800px.jpg	Staatsbürgerkunde-Podcast		
rp14-speaker-518	rp14	Eva Horn	http://re-publica.de/sites/14.re-publica.de/files/media/pictures/photo_00095.jpg	Internetikone mit bunten Haaren		
rp14-speaker-529	rp14	Peter Troxler	http://re-publica.de/sites/14.re-publica.de/files/media/pictures/image017_1.jpg	Square One Dr Peter Troxler		
rp14-speaker-531	rp14	Maik Wagner	http://re-publica.de/sites/14.re-publica.de/files/media/pictures/maik_wagner_q.jpg	mcwiwa consulting	Chef	
rp14-speaker-538	rp14	Kai Schächtele	http://re-publica.de/sites/14.re-publica.de/files/media/pictures/img_0027.jpg	Frey+Schächtele	Selbständig	
rp14-speaker-545	rp14	Jeffrey McGuire	http://re-publica.de/sites/14.re-publica.de/files/media/pictures/invisible_me_0.jpg	Acquia	Open Source Evangelist	
rp14-speaker-546	rp14	Jens-Uwe Rumstich	http://re-publica.de/sites/14.re-publica.de/files/media/pictures/dsc_0060-cd.jpg	AppNotize UG	CEO	
rp14-speaker-548	rp14	Cornelis Kater	http://re-publica.de/sites/14.re-publica.de/files/media/pictures/10070_5_kater.jpg	Podcast Schöne Ecken	Podcaster, eLearning Koordinator	
rp14-speaker-549	rp14	Johnny West	http://re-publica.de/sites/14.re-publica.de/files/media/pictures/johnny_west.jpg	OpenOil UG	Founder	
rp14-speaker-557	rp14	Inken Meyer	http://re-publica.de/sites/14.re-publica.de/files/media/pictures/meyola_profilbild.jpg	meyola / DMW	Artdirektorin und Projektmanagerin	
rp14-speaker-560	rp14	Jakob Jochmann	http://re-publica.de/sites/14.re-publica.de/files/media/pictures/pxjakob.png	pixelcraftbooks	Communication Architect	
rp14-speaker-562	rp14	Elisabeth  Michelbach	http://re-publica.de/sites/14.re-publica.de/files/media/pictures/20140311_153702_0.jpg	Universität Göttingen 	Literaturwissenschaftlerin 	
rp14-speaker-568	rp14	Linus Neumann	http://re-publica.de/sites/14.re-publica.de/files/media/pictures/newthinking-7.jpg			
rp14-speaker-569	rp14	Thomas Handorf	http://re-publica.de/sites/14.re-publica.de/files/media/pictures/thomas.jpg	Webpgr	CEO	
rp14-speaker-570	rp14	Torsten Kleinz	http://re-publica.de/sites/14.re-publica.de/files/media/pictures/ok2_5753.jpg			
rp14-speaker-574	rp14	Teresa Bücker	http://re-publica.de/sites/14.re-publica.de/files/media/pictures/buecker4.jpg		Autorin	
rp14-speaker-586	rp14	Holm Friebe	http://re-publica.de/sites/14.re-publica.de/files/media/pictures/holm_friebe_.jpg	Zentrale Intelligenz Agentur	CEO	
rp14-speaker-589	rp14	Frank Karlitschek	http://re-publica.de/sites/14.re-publica.de/files/media/pictures/frank_gross_0.jpg	ownCloud.org	Project Founder	
rp14-speaker-591	rp14	David Ohrndorf	http://re-publica.de/sites/14.re-publica.de/files/media/pictures/david_g_rep.jpg	WDR		
rp14-speaker-594	rp14	Stefan Domke	http://re-publica.de/sites/14.re-publica.de/files/media/pictures/domke_portraet.jpg	Westdeutscher Rundfunk	Freier Autor (Online) für Projektentwicklung, Konzeption, Umsetzung, Projektsteuerung	
rp14-speaker-595	rp14	Britta Ullrich	http://re-publica.de/sites/14.re-publica.de/files/media/pictures/kontakt_britta_660.png	XING AG // VizWorks.de	Senior UX Manager // Visual Trainer 	
rp14-speaker-597	rp14	Ralf Appelt	http://re-publica.de/sites/14.re-publica.de/files/media/pictures/ra-profile-mid2013_0.jpg	ralfappelt.de	Sketchnoter	
rp14-speaker-600	rp14	Djure Meinen	http://re-publica.de/sites/14.re-publica.de/files/media/pictures/img_6946-2.jpg	50hz-Werkstatt f. Netzkommunikation	Inhaber	
rp14-speaker-601	rp14	Journelle  	http://re-publica.de/sites/14.re-publica.de/files/media/pictures/journelle.jpg			
rp14-speaker-602	rp14	Maxim Loick	http://re-publica.de/sites/14.re-publica.de/files/media/pictures/maximloick.jpeg			
rp14-speaker-613	rp14	Yoram Blumenberg	http://re-publica.de/sites/14.re-publica.de/files/media/pictures/20120318-123932.e06-yrm_480px.png	BureauBlumenberg	art director and graphic designer	
rp14-speaker-619	rp14	Juliane Kirchner	http://re-publica.de/sites/14.re-publica.de/files/media/pictures/jk-2.png	Universität Erfurt	Wissenschaftliche Mitarbeiterin	
rp14-speaker-620	rp14	Yasmina Banaszczuk	http://re-publica.de/sites/14.re-publica.de/files/media/pictures/3e5f783237e111e39ebd22000aaa21ed_8.jpg			
rp14-speaker-623	rp14	Cindy Roitsch	http://re-publica.de/sites/14.re-publica.de/files/media/pictures/foto_cindy_roitsch_kopie.png	ZeMKI – Universität Bremen	Wissenschaftliche Mitarbeiterin – Doktorandin	
rp14-speaker-624	rp14	Joerg Heidrich	http://re-publica.de/sites/14.re-publica.de/files/media/pictures/picture-415.jpg			
rp14-speaker-625	rp14	Doreen und Max Kröber	http://re-publica.de/sites/14.re-publica.de/files/media/pictures/ava.jpg	LetMeTalk		
rp14-speaker-627	rp14	Jürgen Kuri	http://re-publica.de/sites/14.re-publica.de/files/media/pictures/jk_ct1.png	Heise Zeitschriften Verlag	Stellv. Chefredakteur c't / heise online	
rp14-speaker-629	rp14	Marek Tuszynski	http://re-publica.de/sites/14.re-publica.de/files/media/pictures/lg_controlledchaos.png	Tactical Tech	co-founder	
rp14-speaker-634	rp14	Florian Alexander Schmidt	http://re-publica.de/sites/14.re-publica.de/files/media/pictures/f_schmidt_1024.jpg	Royal College of Art	PhD Candidate	
rp14-speaker-637	rp14	Moritz Hoffmann	http://re-publica.de/sites/14.re-publica.de/files/media/pictures/977512_10152463743043475_1249965451_o.jpg			
rp14-speaker-638	rp14	Katarzyna Szymielewicz	http://re-publica.de/sites/14.re-publica.de/files/media/pictures/ksz_photo.png	Panoptykon Foundation	President	
rp14-speaker-639	rp14	Charlotte Jahnz	http://re-publica.de/sites/14.re-publica.de/files/media/pictures/252320_3535379722502_2099025915_n.jpg			
rp14-speaker-640	rp14	Jens Scholz	http://re-publica.de/sites/14.re-publica.de/files/media/pictures/js_600x600b.jpg	jensscholz.com	Blogger, Consultant, Dings	
rp14-speaker-644	rp14	Niko Para	http://re-publica.de/sites/14.re-publica.de/files/media/pictures/tumblr_mmcafh7q9m1qifj4no2_1280.jpg	Tactical Technology Collective	Developer	
rp14-speaker-656	rp14	Daniel Seitz	http://re-publica.de/sites/14.re-publica.de/files/media/pictures/image_3.jpg	mediale pfade.de	Medienpädagoge / Geschäftsführender Gesellschafter	
rp14-speaker-662	rp14	Ulrike Roth	http://re-publica.de/sites/14.re-publica.de/files/media/pictures/rike_roth.jpeg	Universität Münster	Wissenschaftliche Mitarbeiterin	
rp14-speaker-665	rp14	Susanne Brandhorst	http://re-publica.de/sites/14.re-publica.de/files/media/pictures/susanne_klein.jpg	HTW Berlin - GAME CHANGER	Professur für Komzept & Design	
rp14-speaker-670	rp14	Dan Weigl	http://re-publica.de/sites/14.re-publica.de/files/media/pictures/ruckerjay.jpg	Lunchbeat Hamburg	Gründer	
rp14-speaker-671	rp14	Ingrid Brodnig	http://re-publica.de/sites/14.re-publica.de/files/media/pictures/ingrid_brodnig.jpg	Falter	Ressortleiterin - Medien	
rp14-speaker-672	rp14	Tabea Grzeszyk	http://re-publica.de/sites/14.re-publica.de/files/media/pictures/tabea.jpg	hostwriter	Co-Founder	
rp14-speaker-673	rp14	Fifa Finnsdottir	http://re-publica.de/sites/14.re-publica.de/files/media/pictures/216f92a.jpg			
rp14-speaker-677	rp14	Silvio Heinze	http://re-publica.de/sites/14.re-publica.de/files/media/pictures/silvio_heinze.jpg			
rp14-speaker-678	rp14	Lucie  Höhler	http://re-publica.de/sites/14.re-publica.de/files/media/pictures/lucie_neu.jpg			
rp14-speaker-680	rp14	Julian Finn	http://re-publica.de/sites/14.re-publica.de/files/media/pictures/julian.jpg			
rp14-speaker-686	rp14	Maya Indira Ganesh	http://re-publica.de/sites/14.re-publica.de/files/media/pictures/orange.jpeg	Tactical Technology Collective	Programe Director	
rp14-speaker-697	rp14	Matthias Bauer	http://re-publica.de/sites/14.re-publica.de/files/media/pictures/m_ava_v3_1x1_lr.jpg			
rp14-speaker-700	rp14	Andreas Schmidt	http://re-publica.de/sites/14.re-publica.de/files/media/pictures/as.png	Delft University of Technology	Researcher	
rp14-speaker-708	rp14	Jannis Kucharz	http://re-publica.de/sites/14.re-publica.de/files/media/pictures/ichklapp.png			
rp14-speaker-715	rp14	Antonio De Pasquale	http://re-publica.de/sites/14.re-publica.de/files/media/pictures/me_0.jpg	Frog	Senior Interaction Designer	
rp14-speaker-716	rp14	Jonas Westphal	http://re-publica.de/sites/14.re-publica.de/files/media/pictures/jw300.jpg	@westphal	Analyse und Beratung zu digitaler Kommunikation	
rp14-speaker-717	rp14	Laura Sophie Dornheim	http://re-publica.de/sites/14.re-publica.de/files/media/pictures/laura-dornheim-3013-c-paul-blau-2013-785x523.jpg	@schwarzblond		
rp14-speaker-719	rp14	Thomas Friese	http://re-publica.de/sites/14.re-publica.de/files/media/pictures/img_0523.jpg			
rp14-speaker-721	rp14	Albrecht Radoslav	http://re-publica.de/sites/14.re-publica.de/files/media/pictures/radoslav-albrecht.jpg	Bitbond.net	Founder & CEO	
rp14-speaker-730	rp14	Harald Klinke	http://re-publica.de/sites/14.re-publica.de/files/media/pictures/harald_klinke_republica14.jpg	Universität Göttingen		
rp14-speaker-760	rp14	Henning Krieg	http://re-publica.de/sites/14.re-publica.de/files/media/pictures/krieg2.jpg			
rp14-speaker-761	rp14	Stefan Greiner	http://re-publica.de/sites/14.re-publica.de/files/media/pictures/2.4.jpg	TU Berlin	wissenschaftlicher Mitarbeiter	
rp14-speaker-763	rp14	Stefan Evertz	http://re-publica.de/sites/14.re-publica.de/files/media/pictures/se_square_1.jpg	Cortex digital	Berater	
rp14-speaker-771	rp14	Elmar Geese	http://re-publica.de/sites/14.re-publica.de/files/media/pictures/300px-elmar.jpg			
rp14-speaker-772	rp14	Mario Behling	http://re-publica.de/sites/14.re-publica.de/files/media/pictures/mario_behling.jpg	Freifunk	Blogger	
rp14-speaker-779	rp14	Zara  Rahman	http://re-publica.de/sites/14.re-publica.de/files/media/pictures/zara_rahman_headshot_small.jpg	Open Knowledge Foundation	Open Development Toolkit Lead	
rp14-speaker-781	rp14	Stefan Kaufmann	http://re-publica.de/sites/14.re-publica.de/files/media/pictures/4qlrt.jpg	datalove ulm	missionary	
rp14-speaker-784	rp14	Becky Kazansky	http://re-publica.de/sites/14.re-publica.de/files/media/pictures/pdf_0.png	Tactical Tech	Privacy & Digital Security Researcher	
rp14-speaker-785	rp14	Helene Hahn	http://re-publica.de/sites/14.re-publica.de/files/media/pictures/helene_hahn.jpg	Open Knowledge Foundation DE	Projektleitung I Coding Da Vinci - Der Kultur-Hackathon	
rp14-speaker-789	rp14	Peggy Sylopp	http://re-publica.de/sites/14.re-publica.de/files/media/pictures/peggysylopp2.jpg			
rp14-speaker-790	rp14	Rahel Kraska	http://re-publica.de/sites/14.re-publica.de/files/media/pictures/rahelkraska2.png	Soundtrack fürs Leben	Artist I Lecturer I Entrepreneur	
rp14-speaker-794	rp14	Gili Vidan	http://re-publica.de/sites/14.re-publica.de/files/media/pictures/gvidan.png	Oxford Internet Institute	MSc Student	
rp14-speaker-795	rp14	Lilas  Guevara-Duvernois	http://re-publica.de/sites/14.re-publica.de/files/media/pictures/ld_oii.jpg	Oxford Internet Institute	MSc Student	
rp14-speaker-796	rp14	Laura  Licari	http://re-publica.de/sites/14.re-publica.de/files/media/pictures/laura_licari_frog.png	Frog 	Senior Visual Designer	
rp14-speaker-797	rp14	Herbert Braun	http://re-publica.de/sites/14.re-publica.de/files/media/pictures/2010-10-18_14.44.30.jpg			
rp14-speaker-799	rp14	Hilli Knixibix	http://re-publica.de/sites/14.re-publica.de/files/media/pictures/image_6.jpg			
rp14-speaker-801	rp14	Walter Palmetshofer	http://re-publica.de/sites/14.re-publica.de/files/media/pictures/vav_sky3.jpg	FU Berlin	Research	
rp14-speaker-808	rp14	Magdalena Reiter	http://re-publica.de/sites/14.re-publica.de/files/media/pictures/01img_3606.jpg			
rp14-speaker-811	rp14	Heba Amin	http://re-publica.de/sites/14.re-publica.de/files/media/pictures/hebarepublica.jpg			
rp14-speaker-819	rp14	Ulrike Langer	http://re-publica.de/sites/14.re-publica.de/files/media/pictures/ulrike_langer.jpg	medialdigital	Journalistin	
rp14-speaker-820	rp14	Maximilian  Hösl	http://re-publica.de/sites/14.re-publica.de/files/media/pictures/hosl_maximilian_wzb.jpg	WZB	Research fellow	
rp14-speaker-824	rp14	Thomas Gegenhuber	http://re-publica.de/sites/14.re-publica.de/files/media/pictures/foto_thomas.jpg	JKU Linz	ÖAW DOC-Team-Stipendiat	
rp14-speaker-828	rp14	Daniel  Guagnin	http://re-publica.de/sites/14.re-publica.de/files/media/pictures/me-sw.jpg	TU Berlin	Research associate	
rp14-speaker-833	rp14	Linnea Riensberg	http://re-publica.de/sites/14.re-publica.de/files/media/pictures/linnea_klein.jpg	Publixphere e.V.	Projektleiterin	
rp14-speaker-840	rp14	Ansgar Koreng	http://re-publica.de/sites/14.re-publica.de/files/media/pictures/foto_koreng_ansgar.jpg	JBB Rechtsanwälte	Rechtsanwalt	
rp14-speaker-842	rp14	Lisa Altmeier	http://re-publica.de/sites/14.re-publica.de/files/media/pictures/lisa_altmeier.jpg	Crowdspondent		
rp14-speaker-847	rp14	Stefanie Aßmann	http://re-publica.de/sites/14.re-publica.de/files/media/pictures/bildschirmfoto_2014-01-31_um_11.10.43.png			
rp14-speaker-849	rp14	Kaustubh Srikanth	http://re-publica.de/sites/14.re-publica.de/files/media/pictures/houndbee-republica2014.jpg	Tactical Technology Collective	Head of Technology	
rp14-speaker-853	rp14	Maria Schröder	http://re-publica.de/sites/14.re-publica.de/files/media/pictures/schroeder_2010.jpg	Jugend hackt	Projektleiterin	
rp14-speaker-854	rp14	Jörn Schultz	http://re-publica.de/sites/14.re-publica.de/files/media/pictures/91cf331adf8394cccd7b0de55dd5cec1c634b325.jpg			
rp14-speaker-857	rp14	Katrin Rönicke	http://re-publica.de/sites/14.re-publica.de/files/media/pictures/kadda_klein.jpg	Frau Lila	Gründerin	
rp14-speaker-860	rp14	Wibke Ladwig	http://re-publica.de/sites/14.re-publica.de/files/media/pictures/ladwig_web.jpg	Sinn &amp; Verstand Kommunikation	Chefin	
rp14-speaker-861	rp14	Kirsten Fiedler	http://re-publica.de/sites/14.re-publica.de/files/media/pictures/kirstenfiedler.jpg	European Digital Rights	Managing Director	
rp14-speaker-864	rp14	Dana Trometer	http://re-publica.de/sites/14.re-publica.de/files/media/pictures/dana-trometer.jpg	Tarmak Media	Executive Producer	
rp14-speaker-876	rp14	Oxblood Ruffin	http://re-publica.de/sites/14.re-publica.de/files/media/pictures/oxblood_no-tie_5x4cm-300dpi_copy.jpg	Centre for Internet &amp; Society	Director, Cybersecurity Film	
rp14-speaker-879	rp14	Ulrich Tausend	http://re-publica.de/sites/14.re-publica.de/files/media/pictures/ulrich_tausend_2012_1000.jpg	Tausend Medien		
rp14-speaker-880	rp14	Wiebke Loosen	http://re-publica.de/sites/14.re-publica.de/files/media/pictures/wloosen.jpg	Hans-Bredow-Institut	Senior Researcher	
rp14-speaker-881	rp14	Rebecca Renatus	http://re-publica.de/sites/14.re-publica.de/files/media/pictures/bewerbungsfoto_rebeccarenatus.jpg	Institut für KoWi Dresden	Wissenschaftliche Mitarbeiterin	
rp14-speaker-884	rp14	fALk Gärtner	http://re-publica.de/sites/14.re-publica.de/files/media/pictures/falk_bw.jpg			
rp14-speaker-889	rp14	Stefan Wehrmeyer	http://re-publica.de/sites/14.re-publica.de/files/media/pictures/wehrmeyer_4.jpg			
rp14-speaker-890	rp14	Beatrice Martini	http://re-publica.de/sites/14.re-publica.de/files/media/pictures/photo_republica.jpg	Open Knowledge Foundation	Events Manager	
rp14-speaker-893	rp14	Jens Ohlig	http://re-publica.de/sites/14.re-publica.de/files/media/pictures/800px-jens_ohlig_wmde.jpg			
rp14-speaker-896	rp14	Julia Krüger	http://re-publica.de/sites/14.re-publica.de/files/media/pictures/wzb_jahresbericht_4865.jpg	WZB Social Science Center	The Internet Policy Field	
rp14-speaker-906	rp14	Christina Pautsch	http://re-publica.de/sites/14.re-publica.de/files/media/pictures/christina_avatar.png	Service Designer		
rp14-speaker-907	rp14	Carolin Thiem	http://re-publica.de/sites/14.re-publica.de/files/media/pictures/caro.jpg	Si Labs GmbH	Innovation Researcher	
rp14-speaker-917	rp14	Dagmar Hoffmann	http://re-publica.de/sites/14.re-publica.de/files/media/pictures/hoffmann_2014_rp.jpg	Universität Siegen		
rp14-speaker-923	rp14	Ralf Stockmann	http://re-publica.de/sites/14.re-publica.de/files/media/pictures/portrait_ralf_2.jpg	re:gierungsrat StaBi Berlin	Referatsleiter Innovationsmanagement und wiss. Onlinedienste	
rp14-speaker-924	rp14	Jakob Ohme 	http://re-publica.de/sites/14.re-publica.de/files/media/pictures/jakob_brick_sw.jpg	Center for Journalism – SDU	PhD Research Fellow	
rp14-speaker-927	rp14	Frederic Dubois	http://re-publica.de/sites/14.re-publica.de/files/media/pictures/frederic_dubois_nb2.jpg	Internet Policy Review	Leitender Redakteur	
rp14-speaker-928	rp14	Gloria   Spindle	http://re-publica.de/sites/14.re-publica.de/files/media/pictures/p1050566.jpg		General Manager 	
rp14-speaker-930	rp14	Nils Meinzer	http://re-publica.de/sites/14.re-publica.de/files/media/pictures/foto_nils.jpg	Radio Bremen		
rp14-speaker-934	rp14	Anthony Zacharzewski	http://re-publica.de/sites/14.re-publica.de/files/media/pictures/new_headshot1024.jpg	Democratic Society 	Director	
rp14-speaker-935	rp14	Felix Schwenzel	http://re-publica.de/sites/14.re-publica.de/files/media/pictures/felixmitei_h2.jpg	wirres.net		
rp14-speaker-938	rp14	Steffi Fetz	http://re-publica.de/sites/14.re-publica.de/files/media/pictures/steffi_fetz.jpg			
rp14-speaker-941	rp14	Jan Boelmann	http://re-publica.de/sites/14.re-publica.de/files/media/pictures/19555_1342367204393_959619_n.jpg	PH Ludwigsburg	Jun.-Prof. für literarisches Lernen	
rp14-speaker-948	rp14	Michael Seemann	http://re-publica.de/sites/14.re-publica.de/files/media/pictures/7165221904_54ff1d1863_b.jpeg			
rp14-speaker-950	rp14	Melanie Goemmel	http://re-publica.de/sites/14.re-publica.de/files/media/pictures/mgoemmel.jpg	WWF Deutschland	Social Media Redakteurin	
rp14-speaker-954	rp14	Frederike Kaltheuner	http://re-publica.de/sites/14.re-publica.de/files/media/pictures/frederike_kaltheuner.png			
rp14-speaker-960	rp14	Kay Meseberg	http://re-publica.de/sites/14.re-publica.de/files/media/pictures/andy_kay.jpg			
rp14-speaker-967	rp14	Lorenz Lorenz-Meyer	http://re-publica.de/sites/14.re-publica.de/files/media/pictures/lolo_square.jpg	HS Darmstadt / Onlinejournalismus		
rp14-speaker-971	rp14	Dorothea Martin	http://re-publica.de/sites/14.re-publica.de/files/media/pictures/dorothea_martin.jpg	imaginary friends	Kreation	
rp14-speaker-972	rp14	Niki Korth	http://re-publica.de/sites/14.re-publica.de/files/media/pictures/mirror_cropped.jpg	The Big Conversation Space	Co-Founder	
rp14-speaker-973	rp14	Fiona Krakenbürger	http://re-publica.de/sites/14.re-publica.de/files/media/pictures/fiona-krakenbuerger.jpg			
rp14-speaker-978	rp14	Stefan Aufenanger	http://re-publica.de/sites/14.re-publica.de/files/media/pictures/aufenanger_13.jpg	Universität Mainz	Professor	
rp14-speaker-981	rp14	Wolf Lotter	http://re-publica.de/sites/14.re-publica.de/files/media/pictures/wolfrepublica.jpg	*		
rp14-speaker-983	rp14	Manuela Schauerhammer	http://re-publica.de/sites/14.re-publica.de/files/media/pictures/republica14_manuportrait.jpg		(SEO)-Texterin, Bloggerin, Netz- und Beteiligungsaktivistin 	
rp14-speaker-987	rp14	Oona Leganovic	http://re-publica.de/sites/14.re-publica.de/files/media/pictures/passfotoclean.jpg			
rp14-speaker-989	rp14	Christiane  Frohmann	http://re-publica.de/sites/14.re-publica.de/files/media/pictures/christianeverstrahlt.jpg	Katersalon	Salonière	
rp14-speaker-992	rp14	Clémence de Montgolfier	http://re-publica.de/sites/14.re-publica.de/files/media/pictures/clemence_phone.jpg	The Big Conversation Space	Co-Founder	
rp14-speaker-996	rp14	Wolfie Christl	http://re-publica.de/sites/14.re-publica.de/files/media/pictures/wolfie_christl1024.jpg	Cracked Labs	Co-Founder	
rp14-speaker-999	rp14	Tabea Siebertz	http://re-publica.de/sites/14.re-publica.de/files/media/pictures/_mg_4108_.jpg			